a√±o_cd,ccaa_cd,zbs_residencia_cd,sexo_cd,grupo_edad_cd,nivel_copago_cd,poblacion_nm
2020,ES52,HBfqWnYtvblHDOddtLzH,9,16,qQajvaIFCvnzHjlQRBZr,4422
2014,ES30,aQGJSPgoCXnpPdMpIryH,1,1,BePkAfxafhzxydyIZxXq,2983
2013,ES52,bvUMlLOaUBHyoMZEcFvX,1,10,SEfGfzkMDDuEhfVhkXYQ,4466
2014,ES61,xZUcGnkFVPbHMrWYegxb,1,3,GbepLBfdDVyQkoeDQHOR,7257
2022,ES63,uuQNMIQrdvvIxYIAsAXD,0,13,wIlGrYFuPAtmJwQnclVM,7902
2013,ES12,qYDzSnsyYhXToSVTxEne,1,5,auyFcOwyofDNAtJaZzmx,4629
2014,ES64,ERyqBfCmkeQOLSPKkRZT,1,3,WuIxVNpuVTNYLPNGTuoS,3730
2014,ES23,NHsoAHcycbfUjBwFQizd,1,17,QebrJwypwpgCUmsENviV,9998
2018,ES30,YekxxfIuVodXbBqThnJB,0,12,NFQQPwBmakMEsdnxPFjX,3399
2016,ES41,qmxBWugVQKdEumUNQjhW,9,15,XGTbdNcUVBWNxgKvxbyu,7901
2013,ES30,JapBgDpqxmNCwgqhPrjk,9,1,XxVJPsstuQdBAkdZgCrc,8413
2013,ES42,nsPHoYBeuulRsnhhYSxw,0,10,lBbCnEqmnPeRUsmNTuqu,2755
2013,ES42,uudpFccKdLljKdNNEthx,9,8,OZwyOyMIfnOchvkcxlLx,8325
2018,ES21,fNwyxAhBYPkXAmUgsaSc,1,18,KpAsqdwZbXItPWFVjuha,1702
2022,ES52,hQVNlNqrHudoGUugbRBb,9,4,JFREtcBHNLCGeRwDaygD,1902
2020,ES63,hwHBUERREwpqFMLjDsxX,9,7,JcDDXnHLITCpWvkLMcZR,1792
2022,ES23,ZBVxFNmgBlZFInfQWtfU,2,18,LFizzlsBxcHlYirtvfOj,6336
2020,ES30,tpMxfoHGzNWWScKRXcRL,0,1,YBoYQYiuwCEQIwdNaUjR,7144
2015,ES64,HSlUKPzTEgkrwbCMOtuS,9,17,yLFDperZwbZIJdYeOwBn,2347
2014,ES51,qjvayADrXHCsLjOWJiKX,2,2,EUQoAWVreohNVRrHYBAJ,6582
2015,ES42,TWQrEBfVzHQwPdvZYRvK,1,11,WaGOCasptquiBvhVoKav,6488
2014,ES70,XIFrBfjPoOSKPLSdoXiz,2,12,QcWlUCWXVXWUgSVomZzk,9580
2013,ES52,SHicZHtHdGRqpsgEGEHv,1,17,mkAykDMCpOLVUGPqKMFq,8182
2021,ES63,zcxEbQdwXdnHUTwbCOkS,0,14,lgXxiSukPrgtoqcCJYUC,4790
2020,ES63,pRImGCiJcPfDTfclbvJr,2,9,xQUGRAajACQNpYJnbeSt,2024
2016,ES24,rQhyssKOgynayAwXYCMm,1,12,MojwPtyPjNnezGqdKGOj,7023
2014,ES30,YoqAEAideSQctOszLnkO,9,13,jixLANICyAZtMfcKLFJr,889
2021,ES30,OCRzCAgJvYXeIdOCJrNV,1,17,fEstJmuUsdlNmBPCxDXO,1104
2020,ES63,koSnihAdMzwminvAsAnB,2,5,FPDSXTFTnJIeRuozVThb,9052
2014,ES70,scPSBebZPJkthRxZzvoN,9,4,VoRWnRbLDcTqDxHopmXF,4688
2022,ES51,GPghABurkbQHeTwvnEjp,0,18,ZUucZQpYrmdTHvXDJiKp,8003
2014,ES41,SBVOFfDyqpOOpOhjcHQb,9,15,opEAJtQSWWicnluOzrrF,6710
2021,ES63,WrjsQfSDXNSxpEFElFag,1,16,aITEYrCrKdKFlaXhZNbu,4595
2022,ES41,AwaEXkHrHSSHvxNdHGfK,1,4,uLzOWdSDoOJvBzyvvQoN,4585
2013,ES63,nURxLBHHJTXZAbtcyAac,1,18,QAqGXJywdzBkGlVEdYMs,9386
2017,ES12,NtkWqhdeloZioaURgJzS,2,10,ZbhpGCeYkdBhisVdMfLl,2895
2021,ES13,PXyrDHkqHhKyBpuhDWoE,2,3,RcamKCqzRhZMeymHqUVV,1555
2014,ES24,vILvEorJmrkkDdWSSDQd,0,18,DFkCGbWNvENFPWxkaDJF,9736
2017,ES11,XmaVqXUSPDfJpXthPqgJ,2,12,roRVemqdtlirDrozWIBP,4885
2020,ES51,tqtuWcUYBYUfKhBAixAp,2,13,bkLkUhLEfOjxSDxrlfGJ,87
2018,ES11,aZtYfBYDtcxaYkuveXMP,2,15,CqRUmMDRqftRBsOnpXNE,9190
2017,ES70,TqDZBCvOhtriChKUDZfH,1,6,JwrxmSHbKAcUOGPSctSO,743
2016,ES24,yOCxqOPEXRqOeHTwoHnT,9,7,wOSzvaVziRDOYXwLoKCO,2250
2016,ES62,TNRxBVQrpUhOkJcNtXEZ,2,4,KZogBbtCbQDAphVyYxMw,9109
2020,ES51,GKOqxmAasVLWRWCuekJQ,9,2,hChCLhPBfftsvNfwoarq,3308
2021,ES12,SXHKcwKzmehRtMELYtXf,1,1,ZYKFwBdclPXbeyNDauag,1823
2013,ES41,KJqHGEXHcfjlsCOdCVAJ,1,8,AHogaYpLidlcblmGhNdV,1173
2021,ES42,QcBUEtMObnOcEVOCEyaE,0,8,oFRofzEBRCtcaRwoEVVd,5487
2014,ES63,fNVTUoHHKbblqBvhYhtw,1,18,onPKyMJuFwzEelUmfnwo,248
2013,ES70,mvCMTgknHLNcDPunZnpn,0,14,YkRKNnZwOFoynIhDAIpm,4002
2018,ES22,GaBReIxWOTXEiruFkVTU,9,1,YpwcowdZjNWmIYGWruyW,2117
2015,ES70,GUIvkScVPEzJtmtnxKew,9,7,WpOwNmijLcWmPitvOkPg,1065
2020,ES12,wpDyMWVvsAvuoHiCOnld,9,14,ZBjhoeAVwQCRszTvRLRO,5186
2019,ES61,eUJbYwaRcSxVPDZUDcIh,1,14,qOrHAsluixeFYVHDfLJu,3806
2015,ES11,fpORtMVJYoMxtwwaPybi,9,14,yihEIgqKiCGkOmjoCYEk,6616
2013,ES70,PiPUqeBODSMxdszciUhO,0,17,fXCcyzTYeUVbuSaugOZG,8919
2014,ES23,PWTjduUxyDxHTfMSKXsW,2,7,ptTVnsNdyFWdtoBJuiTs,8004
2022,ES24,GTjhdzwfVEllqjqIcnlW,1,3,dhyDjYgpDfIhHxjuzKBY,4631
2020,ES63,NYDtNHCRlEQxFbPEsYEJ,0,17,aYDqHkpuhCAsAdrKFkVu,4524
2015,ES52,AFKOEEyTXPvYggqsQvXR,1,7,VDKeHTnvhhxzSdtfjzic,9907
2014,ES21,apBvGHLkYcKBGYhSaPzz,9,4,jRGdrgFXosGoFFAxpnJa,3273
2021,ES21,dEBILxpzybHsQXetNCYW,9,18,PLwmEebziDvmlBwDSHic,3197
2016,ES43,CrsAEQAEytxVIfcWAErj,1,8,tfZYIYwPTgHRQDSFMpBL,5740
2015,ES51,yEZimRWzPSpFAmoEBXCm,1,10,ZCOmlXDoiTAzsaaPvnCq,4521
2013,ES62,FCWlZGhDFJtBfoCsqMnV,0,3,PgLcMzwPWDonCHuxMUKW,1567
2018,ES63,pBvgSUpPECPFAhkkkqbD,1,4,qUwYmZQykSDprEZxEdkQ,24
2014,ES13,WnFIoUZtzflyRhbQDNwe,2,16,CiVdQycBjdCnkqIJTJBu,281
2021,ES13,ofMOTlOgSlDCZsIxcYwi,1,17,CEfuSlZQteYcVVQaKlkM,1712
2015,ES64,JOpbbqCHiaxJnVdwoivd,9,18,UNPVkMoBmLFGWAzbztyR,8114
2017,ES23,LhoMZyhUWXdpNVgEupwm,0,18,JjTwKhiwEsdWIoqaEEMa,4734
2020,ES22,dOSVSQJTCNHBnhBpEAVd,2,13,IjwrIoATyRWOjAeAGKdP,1017
2013,ES70,XFtDEhHGdiSZPOsyLtsB,9,13,GMeHmWzNpRAbXQTzzJjG,9912
2019,ES12,ZHfPYEjNeYnpLIJkczGh,2,17,lhHaaIJyuDGjGKcbwEUl,8974
2017,ES43,KOpWHWzQbvBENifqBwXS,2,14,YuysiklSttgwTxzCrxpU,3085
2013,ES43,FHCQOwDZvhWomwOmGaxB,0,9,lOaPUoWseUVvBbHfDdSZ,3330
2015,ES53,ckxGHNPwWmtmXqJqPOJK,1,10,EcSRPcuOrqaRgNZyBMZT,3572
2017,ES13,GxwdnxPSboYCeDtchNvr,9,5,HXKLmChrVnnPLoFShiXH,5924
2015,ES24,FvgBzisvnBYfGRstXNpz,2,9,TkNOuuuwDsLvKdTaHfKf,8160
2017,ES64,ilpUDMlglTEGxFzMpGQQ,1,11,GXpCeaNfcjZkEjhurCmg,1385
2015,ES51,fShPLBPZlXTMrAGgIDLQ,1,14,iJjSJfKLViwGAAwJiwSR,4616
2020,ES11,BBaKDcmqysydZJITuBhO,0,13,lWuRIVXiSkAvrRXeVeYr,3414
2013,ES21,UYusOZyzZZMpXqEliYKX,0,9,zxWVMJNZdqWbEdwZZrkN,5068
2022,ES64,GFSjHiHTCZeYrpidOQal,9,12,SLlEMSfaIFWoUWOrBgda,7007
2019,ES30,CFAkeESBIeQLOeCbvMOv,1,13,xeWHCQGGkZXseDVJGhHf,8110
2018,ES22,uuEvManjpFETJmnBkifQ,1,15,hzsFdiDZEgcNdQfYmrqX,8648
2020,ES24,mOXYXhzqdENsGTqXCDNx,9,5,vfMnYuLXJCvDOzMDDivI,8162
2018,ES51,JJIwoXxDOJDzbusgsnqz,9,16,wBZeqZBGesGnxOlzMwjQ,7788
2022,ES43,NWlTMtqiddFPvWGZHmiT,0,1,dnjeIRuGUrzGuMYOHVGk,6466
2020,ES53,DnnaKSbJAHKYsOyMaqXQ,9,8,xPGvgubGGFTRsfPKWIxl,6906
2020,ES41,ghzDpzTgLLCnzqVbRwFH,0,2,nfeRPRdhmjNcpvadKEpf,8307
2013,ES61,jvkqgyGWKWYJTIRckSPY,9,2,xFzzhxrywcAuNuYFCRjL,7572
2020,ES64,gOXCtURXEApeeEaaKHXe,1,18,tuDtDOFqFnNraPLrDSQz,3713
2022,ES43,QUevWtiafGgMDhiknaFE,1,12,pXbtVZRbaIIrMCqDkzcD,3997
2015,ES22,BtRmrhSSiigBiEbjmPrT,0,12,eMrTYEIgTPUGltuUfVEq,2110
2020,ES41,MUqXrqVhSVFTWFtGCjMw,1,6,eDwqJaGCGEfrmSztrubW,3571
2021,ES51,gFVtCpLySvnylWOdbfXh,2,2,hJiwqGQHktfhslDECIxw,9042
2020,ES21,fhLHUuiPEenWpIXsCMSc,1,15,YxauWEZdbJrBttvscIOz,9467
2017,ES24,OXVVeTrBNhOjAFBnxXhe,0,1,tSgmaJdTuxRLOJyHRZBn,8368
2017,ES70,drozzjmyqPWbuPLFxKoF,0,17,rajaEeSomfSmIRaoCxNG,524
2014,ES24,KfrLSyJsjJkrWjipDqeu,9,5,HswokRRqKQKEfsDanPed,2250
2015,ES24,lPEqIVVUdbRvvxQYTFEZ,0,11,WfZcGiaKVKFPVAPNLzjO,9928
2019,ES11,ymvNajVRgKjLPwpKgiUN,0,8,HxHUlGlPWGMPtgLrJEzb,4487
2019,ES22,UfOXJXXQzvikWDlAxfje,9,3,WMDwQDKXFlwRFNucqRhQ,3647
2014,ES22,hhNYQkAoKIqhTfGkIxuh,1,1,nhBfYebvwqyMGDAgesfY,9539
2021,ES53,DvyaYhLvYEerfavbYldL,0,10,PZYsREbfPjIonYfkseaJ,940
2014,ES21,XVsjKBVTsFngEetfCAPN,1,2,WzSBOlOwQORDIvhajLyD,9781
2020,ES43,HhsssSkhYcbtjOHTdRSS,2,8,iZFmIuwxCDJQZJcipmXz,226
2019,ES23,FlbXQdSLyYnWnoamVXZO,0,8,HDDjPaFkrpKjBgmIEyPP,6810
2017,ES52,GBKpPPEqZTetcLTvnUKB,2,10,VPlKLLavpVJCsQXNbpru,173
2016,ES64,kCNvVUdkqjZtOzSPanXu,1,17,rGAkhHLXnWPeQryuXYya,7431
2018,ES52,dPoGijeIZAROSnHKVRwX,2,4,XpmYIwPVDQiDITQawPka,1569
2014,ES12,EuLJatzJmnZylCCGaKfd,9,6,nkEFdcptUMQdWzoVFsYj,6526
2015,ES62,nrsJejEjmStqznriFmBl,0,2,BzZZZrZPUmBRlIcEnbMm,5707
2022,ES30,mwbLNzgBPsqPFfGxlEiW,2,1,YNpqikQMvtZdiNHuNEWn,4693
2017,ES22,BKGyfYmwDiVOFngSmqYg,2,11,BBmaMkyynmRMOzUZSGwy,832
2015,ES42,DbeWmjMMMhGaeLsAfDeY,2,11,rNCGXPHjYAizNYEERJUE,9531
2018,ES51,kgTIlwGTXMRhEZxeZZWD,9,5,WyxmBpVBNtmjwVvrtyLb,4581
2020,ES43,raWDbGUfSwhtQwxvckzr,0,10,arHOwubFOXGArqAmOUZR,6044
2014,ES63,vvZMQGlRerbHZJXqFlXY,1,4,KCaobTEFisUdcElTOaao,2318
2014,ES63,teypxAnKqVqQNlScapHA,1,12,uixearYPWUlzFjPiXHjW,6147
2019,ES62,TwygFvQzPulpQxDReiab,1,15,PVnUqeXUtfPIFDCmJZYi,5597
2016,ES64,uJNoExzTKDNTHbdaHOxL,0,7,FHvdpDSQplezVQGCshAG,9950
2013,ES64,HprmMCLQJFmwGoxgHYOr,2,11,AysOspZhPcVEHSclwyFa,4605
2017,ES53,IkIoNnqQTXFZmMpTciMH,1,2,HFKpVWvCiwkbxzqPYtNT,4804
2013,ES12,uDXyzHnBQKAWrYUpAkry,2,11,wqpCTxdjdgdVWxHMDnHp,424
2016,ES41,VlLDbmsykeZqnMmSOYap,9,11,WFHOySqKLlWaDZGNNHym,8892
2021,ES52,FwTndRdscRakmtXpMUVA,2,14,rYlHQPwujjgDAVpgJVxv,9906
2014,ES52,clFIyMlSXaEWhtSjVhJv,0,1,sdBAvFAedpYSmmZrYVAg,6281
2018,ES51,lNXaOaxEeuoJDoLOdWva,2,4,ZpmFXvEMPBMBtTFPppvJ,4922
2017,ES24,oQzDRQYAZnZYFpHKnKCv,9,6,xZxatcboHAKWykGLvwMQ,146
2020,ES64,QnqxqFlebJLEeSDUKoYp,2,9,oDErmkNJfYhdpjAPQIgo,6125
2014,ES42,uQEZtoSqGcHQMDqHOIiv,0,12,MKxmcnDeMYOHcxxOLFhW,6194
2022,ES63,DwqvlKtKGpXsOBnoSmyf,2,15,LuHeXPgWLDwwpSsKfEvc,1956
2017,ES53,keAbdRMZIPBHOICNvwIH,0,5,xiCiatDIPaDssbgntqGQ,8422
2014,ES30,hivfHLSfqnNuSKNhlMvn,1,8,YnbhQXWUloDFoYzQclUA,7677
2019,ES51,ZWSXSMlzEGxBhSIXjfiT,0,11,FFiyVOyGfndoezimyCjA,9472
2016,ES13,iUMhmigqyPlPzIBMpMgq,9,18,rKtEXkTlVixbJRyFWwdR,7116
2014,ES70,oFSJhecTWEylAdkWvXfC,9,7,ZuFucnUyGULYCGzuCMho,6842
2019,ES13,oQivsYDgQfYTsSltAhMK,9,12,aRVNHgolTpujXZDrwGyC,6439
2016,ES23,expfTWiXJDpSwXtfwowa,0,11,PuNVntbZRsHPoSzeMMZf,7275
2020,ES51,QRJNeXqoOFykzVfcrDUG,9,12,NdqIBSwPTZzPhmMBeCHC,6340
2021,ES62,PmnitmgIhBXHWFqOozAJ,1,11,xRazjtAPRzGzYVboHBmj,8044
2016,ES23,EtxueRykuwmXNfYZMQMv,9,11,wMGmRqSczXgOGhcLqiDV,184
2018,ES42,zVBGegUZMgCtHBJhYswU,1,14,xHjOvXtMSxBibJbeuDmm,629
2016,ES23,BRgYeQxPzPFoNlLkxzxh,2,2,PWcumnIPaPniRzQIvuBv,4682
2021,ES24,rGdgkGXlAqKqNRlrTXDz,9,4,NmfFmXOoQZExdyhJjlin,5788
2019,ES61,XOiDvmVOZCKoyNrkoWya,9,7,WBvZtAJzBoktIcWqSohn,2716
2015,ES61,xxSYhPOXjVRQjakpvIgo,0,18,VdDZHLxPXqxlYneNOXTl,9750
2022,ES51,OOoojLKKtiyHHBrEupMA,9,3,rBBCASFeTnYycMjxxImO,3121
2016,ES13,DjrVftVfInLLbadfqaYu,9,12,GCMwyEEpBGpLyZqGHeHe,6688
2017,ES23,SrTajmxYtDPnCTOSCUei,2,2,LECsOmcekLdcesSWETvE,4902
2013,ES43,VQRIWvzQxcXokqvEePLE,9,2,cCosGnCinYElFFxZzGNT,3263
2018,ES53,OGEnjBrJKSgmDAedQaas,1,15,OnPNIIwVZNqVxnEunGUs,6887
2021,ES53,wuMQqnsUxDttywlFbEdT,1,1,phgUirgYzBeIGeMsEwYp,4130
2015,ES30,NgyYjGNSeFDOePFuchUH,1,9,lkfXldTVuFNyOdtgsraT,6722
2020,ES12,FDTRlULxhbeSNbjnjVPZ,9,1,evSsryuPedyDtUuUBqkn,3534
2021,ES42,gqisKhJKRYTHySYqUsSJ,9,16,MFlmSZOXegCUkqoTRocT,8518
2020,ES13,vsRZHJmyXWImEPMTDfxo,1,2,JLAaIqOahcaIQRzEjeXr,6179
2018,ES42,QUWhJBIYbqLmzOilrTbo,0,18,iTQFnzXJqOawswuNqUgd,5665
2015,ES53,RRVSJlfKAzayBXewyLya,9,9,alVOzvcOejNqIxVGNbtp,4891
2015,ES62,qmHfuYyguOFdNfIPyRsa,2,12,WBebSNALHznwZdMkJoSF,7711
2013,ES23,KnpOaDoHlTZcmaYvqino,0,10,YoZkfMGQOOtiOyrlmosD,5733
2022,ES52,fqzlDtiMhCppRLggWfeu,9,7,fgVvUoGQgkomnKuYNYlc,3953
2015,ES61,mMDlGfnOvCtEucKwvVBg,0,5,loGVeWPjoyOlBvkiYTbU,5902
2015,ES24,vOVWRBlXbjGWArNoPBPq,0,2,zdxCpHRyxyPWqTJYKynL,8998
2021,ES53,pKucPYAgAbFgFVYIIXqR,2,6,wpeZbOoFLqZHdAfESkaR,6317
2014,ES41,rcgDwGwmkizARhoFhZRx,2,1,PNiRmLXDpjGzWkPrZGud,1154
2018,ES51,hdcigfcugozOyMFdgARW,0,10,BaKSqwTztUzDHjvnLjeW,8681
2015,ES53,PJsEnYyhmGIekCqznDAe,0,3,hvlnBiOIYCvWlEDacpBD,9045
2013,ES11,IlvqPopguwScxEsuiEcn,1,15,bXAWpSsfesxAlNTCVwCd,7771
2013,ES23,WjoTGNOOhVbCWLtmaztR,0,12,UavyelOmelkvceYizTRQ,1065
2014,ES23,pbBJvquzrTwnJqlGsvOU,1,4,kDweYjavCaVbbqsZZIBU,4650
2015,ES13,qZuACxMuINEhMGQtkscM,0,14,aahRqhQXyfmiaHWVVqpS,1391
2016,ES12,mvUCUPWcuszIPQbFxLGH,2,11,qZHRmlHkLrdeyuyrYQZF,8051
2013,ES42,RccyzIKLoQvMzZlaIxEN,1,18,IfQOGvhcqFWExJCCPeYg,4564
2019,ES41,KWyCYMtIwlHgdebstOjh,1,5,shOwHowzBOTOJHLVJSOa,9663
2019,ES51,BGjxornaeEgJXSIXRlmt,2,18,omEVmfOrtstUORHNthJJ,4181
2018,ES23,yGFsEkOhvMTOmYLCpsCD,2,11,ORxOgTGxXGhLsDxzkmfT,6271
2016,ES30,sVHFeYSJOniJlDUNqyXz,0,1,ntrrfxuleRYYqhQcoEdJ,8962
2019,ES42,whmmFfYQYMmeBoDzDoar,2,1,mHquiuJqNjfltwvIiwzP,1433
2017,ES63,oIThpLTgNrXWxhBnRMyd,9,12,vGNqVKVGJvHEPtmbfmdg,1751
2021,ES64,CmoyxybaibfzppkCzilX,9,9,WWOGJkcjRLdkHcZRLTUr,9354
2017,ES62,fXOHVxiDGEiwsCVQKDtf,1,8,HilAwxNsaJyzEieUDQhp,9757
2019,ES21,gXopLFtUAOWrdEhvfRhD,9,2,XocmxuuWgBBRQZogLVbh,9555
2018,ES51,sAokNZiyWzmovJdetPhV,0,11,RzwsOPlcEYpFSMRrDNQh,2295
2022,ES52,ZWseAZCsYzFOBjidivJY,2,9,DRtebmQdmZSwqgZEOovJ,9192
2015,ES24,NVOygbGrFqhLFQWhOYTY,9,4,JdNGQJKFlmBHKBHPdfAd,7874
2021,ES61,yFxFmZCZwiDMPJRsQvQw,9,3,fYjWQWVqZMPseELEtZtf,3491
2014,ES53,EDwfVWMbFIVceqnlyEiW,1,17,UlQftFrZAXjEEyPYchtv,5615
2017,ES64,YmRoOVYRASQEBhkgGnnl,2,17,vghtqxgdBRmvPEtqsnOA,8114
2017,ES23,eUbWvGLfGecnnDivobJL,0,9,snwSIGitEdiyKsIHTsxV,4099
2019,ES11,mYUMiOoDzZDwTZXQFDqu,9,12,CWWCzzHhbqMcjKErEuyR,774
2019,ES30,HaxxllXYbjBnyzSyQBlo,2,13,bOzRIylEUiwrYIzpTUhz,7702
2022,ES22,YLcSmBoBJnUnWucpTiWg,9,10,GLbfpZJzjUtdBBpMdirW,9034
2017,ES62,YChbkEmQTsPvomznFdWd,1,13,PQBtYEWmxpnhESXQGBPe,8016
2021,ES52,eokPDBJMNNbLYRtmltRY,0,7,QonuVylQzuPEvAAYtKds,3330
2014,ES13,dOqdfAaVWQKIWIqFIdbh,2,3,tDGCyAeFxWCxyvOdkIDD,2850
2019,ES13,bcMQnFaxjnLbGqRYhtsb,2,2,cCwbSXkbXHiEvCWxZUZI,6277
2017,ES61,efQQeeWnIaPNDiDDctwN,9,9,eUQSrsvJrNqUJDTwwmtu,8184
2016,ES52,vGuahSeDyDwMLZnxqeSK,2,9,gMbtbjeFZytjnsYwRjpB,837
2017,ES41,zcKARLsJVjFIUGUHTjmq,1,10,HTkKhmcUABCWOoZeqhOR,1838
2022,ES51,anPJxwcPIPPGfKcJufXa,2,16,GhjsDARbTebaehbxZNaC,4547
2019,ES13,NkYIZIdvPHYPsuOisDhj,9,5,LbmcFfIgBQypsQAAKErz,5617
2013,ES11,qylfLDiwJxfVpNHhDKXR,0,4,KlirGwOsuBALyGdMptJg,9170
2018,ES42,UOQdsdShQdrQHrslgsmW,2,6,SqaTeuqHahvvbubyEYJd,7111
2020,ES53,AXCuwoBXZlOxmpaZJzVC,9,9,dquwcEpEDFhEHJLDmnYT,1295
2016,ES63,tcXXMPJRECpRtOYNsybX,9,6,VFStEmfpMCXENgyIaEFF,3310
2020,ES22,VLiHkUlTsEGeJqRhBuXp,0,7,YIfixciYGnhRBegBZFag,1813
2015,ES30,yfHULoQoLIyleBUHfBpC,9,10,FuGkmBVPOnpEehrBnGnE,550
2019,ES62,MEwUGdMREMChozvuHXws,1,15,NrZuoaPkQAHbzEyLIREV,2527
2017,ES63,nGaxBXWaBfFKinksEuQS,9,10,wFeZyYfSdCkrLwcDWpUo,6536
2013,ES24,dfauIXYnhHfWmSNhhEjX,2,2,gVlxcsSYikYPiCivFMeu,3193
2014,ES64,qDEAkReXwbYJbGVLJdfw,9,7,WEwhmcvSXeuXJBknapFC,4871
2020,ES64,eZSsEcTZBwNKSIuffMFe,0,8,zGQcCOzdQOncdkvjRpue,4741
2019,ES52,GUxPjvSqwLjPhXqKyWfD,2,5,JXypyfAnmWFUsNqmwADX,8169
2017,ES22,IJFZCdygXHVFguAhnUeB,0,11,BWMBhaHmliAYpudawvsT,3630
2019,ES23,IbMyosMAZvdSHGFhKOqA,0,3,QZMZTMhKXLRhIHUehaQy,2243
2020,ES41,sVASBMfgVbbidJagPNbt,0,11,EzMPanwPKqMtnBFerXQA,3168
2015,ES24,oNYlbXAFojVFRbPDkupT,2,8,tSCgPFdbFSNoWlMMoNeQ,3414
2019,ES61,KsNvGJgYsEJceuTVsWHR,2,3,DgRTsoVaFZijbDfYHSmL,2370
2020,ES42,qxjxwokmeOQTgshgFQyM,2,8,zXsABLYxqJWIoxNwurhZ,5978
2015,ES13,GRGUPyejLWwRHaGUaXUG,1,16,CAJTmOsdktCXnHlaIZEH,65
2017,ES43,ElQTEbYvtpSciZPtGWUP,1,8,KOBCvbgbgYgDNijMeFYB,430
2022,ES51,ZYwmsuxuqkfnkfpQGJdN,0,4,uhnRVJtjGYRBIrQONWpo,7252
2018,ES43,zCSXuvCrrxZfiWxtbniv,0,14,eLvVGoKWjjlFzpoFMzVV,8230
2022,ES22,dzoGbJwqivhwxrnCAvhR,0,14,EqQWsBsAmCyhlExVmEsU,49
2018,ES21,aBrhrwKsDCBwFkpnEgtX,0,5,mSViTDgOzwcyOrTWrUxG,6959
2016,ES12,hDsFlTcEfNtLBXIOyGJD,1,8,MVnrTuLtyNEGskFpkdSX,2842
2015,ES30,nWOUXPJzVHceBeBoktoH,1,10,HJGDuEIOiZyNyYeIzPgT,6480
2021,ES70,gmnUxhkYYkCXNuByNnVo,9,7,gHHHYXEJhJfPeuQUxalV,3305
2022,ES51,BQZqiwEniHqqFjXMOfXy,1,18,fnvtqbBMoBVgxrATVklv,1647
2020,ES53,ptyXOKQkknwOxvPwwWGY,1,16,IYFDkolCRJDzuVCVpBIg,4598
2020,ES64,mTqcYHXPQoPdrTvNSikK,0,17,xQMUWCtNOYCSNIUvXNgC,7950
2013,ES12,gmzUbZVAhPFeGgohiYCN,0,10,TXEePvLRvjPruHhJpHPI,5545
2020,ES30,ANFKbFBAUdlqJFNKSpAT,0,4,LPNSKzLoVCCfWBTUuIfl,2474
2014,ES22,sYWExtJJDJyqCsnnAzZV,9,2,NpRwrvHdEUihuoAzZAZy,200
2013,ES13,qvkCtrKlmzXzgqxeENbl,9,1,VuyMLGpcNyeStpoHeJtv,9014
2018,ES43,uKSektXHntKosiolZQVn,2,18,rlXFuELVvwxwChrUxWgt,3962
2020,ES41,mELVRkDkXVvCouWufwXW,2,17,qHRczUlwWIuOxkkAlhID,189
2014,ES13,MsqEhfqKqvExUIHuCxCD,2,5,nRVXizUoXZeSNVklmThN,9454
2015,ES64,hScibRfpWYHkzRgDgIlk,2,1,QiDKhxZXvadrdyQzcUBr,7962
2022,ES23,ptQebfEFrWFloSHOQdHk,9,9,mRnlHeJwlykHacEmtZYQ,6833
2018,ES21,JpGMDUxYilFjBqcxsVKW,1,1,tWqDLcTIOUSLPEYtyqsb,4174
2018,ES22,nPeRjgoWsyihNzAPINhr,1,8,NLRANGdzbhQNPqUSHdXP,4169
2017,ES62,SeczgbCnPxMlFGHXupzC,9,10,CcwJqIlVGlqKmKBSPGyk,7776
2017,ES64,LunUnppQHWKrFwmbFBHo,0,10,NLGWRnhbdalrEaZBRoFc,6309
2022,ES41,nklAJnDynralswDoxvoA,1,1,YGSjIGaLZMjOzoqlLdTh,5464
2018,ES42,qDhqEEcWhJuUwKZvJNnI,2,16,YqgryAyMmxuWFfXzXfOB,936
2022,ES61,lRNjIYlDJIMlgXRYlGYZ,9,5,xJZzYoQfckwtmzlGIIAf,7933
2017,ES22,OIFsknxWvTEHwZPFKbPL,2,6,uHZFOhViIDrzyyVoxJuI,6917
2022,ES42,kgPssLmxwioMMYdxYjnV,2,17,cBDpkMZEzsSBwthQmVDE,4790
2016,ES61,vpHHefIhgxvdmKPvnXIJ,1,8,FvdnsvwnxfHmtHLAhzSf,8157
2021,ES23,HyhkzqyOVdrLFoDMiRmP,9,4,tCuElJfXyNqcfkIQpmEl,4159
2017,ES24,oxAYrmpGHPPTcEFatEHo,9,9,aEnsQmxhOxtLHqPBDUSR,6150
2014,ES53,TAMWDjfvGhFQVtXlbpZw,0,13,FJUfUPkUDcjGLYiSZYbp,3467
2021,ES61,yedcsbiKhsjixxQkFmAH,9,6,owZKTwApALpbxLeGRKFq,9328
2022,ES52,ixEbNZUKlwguFSPJzhug,2,15,gLYsJrvLidsSgdPsJZTa,641
2016,ES42,etMlGYqtjGJTeGtwaTNp,9,17,MLjpWhOupAxfslPymRxy,2902
2018,ES61,OIEEbyIdtIUDvkMnFuiO,9,14,vpakSmRuZfbwfcSOzKAN,7396
2021,ES64,HgXeJQuCtyXRkDvaHgMv,0,17,ylLSbpaofOWHYUYJSXIW,4804
2018,ES41,FQeYvwKuomMwfadHMGVC,0,15,pHQTfUpZpKpJfUZTTMrd,6043
2018,ES24,kUQHPMMmiJzLlPJMboKq,2,15,XuJBHsbQHWHNluoKYPRu,4409
2020,ES51,knoGMVSOZmpiabLHSXOI,1,16,yERDtIkkxqhTVQsTqTdW,1830
2017,ES70,DJLxsIxgfXkPCGHKQIxa,9,2,ugGAVxunvxlzNTgKwFEj,296
2014,ES53,TCWgyOSvVIucgizRIyDd,0,8,ygtbuNqaSJjppjDCrLDB,6496
2021,ES21,kqwEjllYxvwWuPdfgMOe,1,10,xiTkuVJmfAsZHssiVIkS,6167
2022,ES11,DLJJHCByFeniGBmpLaYa,9,11,ukNovKZTlBRkDFqdvOQy,6080
2022,ES24,GunezLCfqTCMywhWIbbc,2,9,iLgPVoLxvRhgTlXylAge,1490
2021,ES22,UdLWwrqeUXWbYllrCmnv,9,6,MXbxitpPMhUVjWeNFsjN,6724
2014,ES61,OfXxIUZYuwnhxTcOMlrL,1,5,ACxiyigXrooKoFhmnprg,194
2016,ES43,WVhugsceLcKUXKbvDKYa,0,16,rbPDATfIrwJjuxOgGElJ,783
2017,ES21,SLJewNIzlanULZfvMioT,0,18,HiuSXxTZOKjyVtKdSWQC,4993
2018,ES21,kgvwATjDdfxmAFYZZpFP,0,16,qluZbBDVQKSJWcWflEap,8806
2015,ES12,aIiVbLZkpqVwunDrAoDx,0,6,dFpiIIzggEfjPvUFCPml,2084
2013,ES13,uTgKCnWljuXeDiTLEvCN,0,4,yAaaAvnadposDhdAzrET,2252
2019,ES43,dUjNZAhdEMSJQBhVPvmq,2,8,qUEZKMypyagAwobmyBmL,804
2013,ES51,gTyBrQmJvrPnuQYRgKUQ,2,15,eFnaIuiKQYOkVNyEuOGI,5243
2013,ES24,PRclksmTewzmmRqKUgnt,0,17,wHSYBOGSmkVnKlmHpHGH,8798
2016,ES63,NKKIaqmHuyepcvccWbGh,1,5,dZPBPEtgKajWSPyPkPIp,3196
2015,ES42,gmYvnZOZsxMshvMLkhFy,9,10,kVHeoNFrRebXToCjUNzT,7721
2018,ES12,UBwhYdrKzgZkNgkQBnLz,2,4,tSRypTmaYFDuXupdFluo,99
2021,ES64,slsjJgkbACrdDHFGankU,9,17,jGxJOwBNXqaETMWdSUkr,1946
2018,ES52,iCnSdrBWDwGsaohXrPTQ,0,5,zlQaCGeJKXPgefPoRUPD,7685
2019,ES21,WinnjgAdjhTyDSQHZrcg,1,5,eRgXpesfLkomtbPHkNEn,3841
2021,ES61,ibvqWvwMisTcXRKLfpEz,9,6,HZntJtvtWQrODuZPxMIF,18
2014,ES11,LjcYneGkTqraaaHHAZdV,2,1,ThSpwcRQHevtjwoMeuMp,4702
2017,ES21,xCCevRgWtCvYMBtHpVdS,0,3,wcSFBSwKPUEDUZiwkaix,2349
2017,ES61,XLPojudofXPFqjzwXNvT,0,5,WtKVVwXLWInBNkbckrQF,9093
2020,ES24,zZgZuVjCVSuaFplgzxRV,1,8,xBfOCGnblbtPWkobNwWh,3013
2022,ES11,PUgYTnFOEsCleLrSOkkF,9,12,hVzAkVUwAsFFduXbLEJf,3225
2016,ES51,EPIMGYeEUBeAFVwhpfaH,9,6,mFVaCoAVsaulXgMtgTVV,9158
2018,ES21,roQKXXbCpDONpcfWgXqQ,2,5,OrZIeqPLzcKnnUHvhluu,1747
2021,ES21,rCmpwzhajFgBeaZjCOTI,9,16,WSvcTpYpypNpyYsNXwdR,8198
2014,ES43,WPZsNJMEmKCrEUIpjVbN,9,3,BkLPRSPLodVtJAUsbaxk,7285
2013,ES21,RHiJpCOswhFSpAYbCYML,9,9,BcLkVlonWzhwjyTuiRyM,9154
2022,ES52,nxGpwlRsiNEPfBPZbwBZ,2,11,koMvoZvZwzQbScrcbXgY,9909
2018,ES12,FKmvQACyLrWnsjpJkulD,0,5,XsbiyKyLTyktGuhIqCKp,9872
2022,ES22,PRgBbfBDhZwyFPYYJNnk,2,6,magURZAOQtoRFZEwcABJ,1914
2016,ES63,gPpVraEjAMrmVRWqYjoG,9,11,OKZaIsAODQxEyEkBJFAl,9400
2015,ES23,bPTjGrCVgcFmpPcnwAWk,9,6,JkcmcFPMvUKIxxGFykzp,5094
2020,ES52,JwPUNvNLxbUUBgWFSJUK,0,15,FUujZTIOALuHrRmcjHGY,3650
2020,ES51,ZHNPuoKDDcFrMRZKEmcv,2,8,eQoKXAIWdSaAqyfciRSS,9060
2015,ES30,NWgQckUtiDFSxLxOFCbT,1,8,cyXNVibhTjmmRDntJGHb,250
2021,ES70,ywkudWWZTWlmxDueOrJc,2,17,GIczIbojvlUPntqIUfZU,8810
2022,ES23,qADbWAOLVUUnVEnvdoyc,0,17,jmPRIOcbitkdDSUWeuPr,3792
2022,ES30,fGiqDwZjGWuaRIClzkNS,1,14,mBGJRSGOXXYSUzqenXHU,2508
2014,ES62,sOWgOhfJUpOJOdlKXPgG,1,12,kxZeaDsdbvYIzWqRQysv,8585
2015,ES51,aZlqQjqRCTIZPpUOnKyx,0,9,wniWHRmkarZOWRsURgEv,3863
2021,ES12,XnXJGrSskVNPwPDEsYsq,1,18,uSLCCsaVAMJRSHaoqVei,7710
2016,ES43,abNfTVIdpquxyOJPtMyt,9,10,qLXMPRbimsDxgDVZQjxK,8032
2015,ES11,NrDAQrpicBXLQxomlVtP,1,6,nWwcHUpjBafaiinTRRFJ,1535
2021,ES11,iqMrSwUKGPckTbaCzoGn,9,1,OdouguaHWAyhkxrTejqv,4765
2021,ES52,JkZJhYqgiailEkXKbytf,0,5,JtVeNuAduWqheWvnSPHA,3214
2019,ES51,CSdXkjlQVVUEgPHHOJnJ,0,3,CKpzgEXlvbyvseSXktTu,5870
2018,ES13,zflmpwsKiunWddwsnwpt,0,15,aHyMqxaOTJxdAtYdyyct,3957
2015,ES30,EgeWxodRNXVPiIMWusJT,2,7,lHXycUQzLqmIbjMulexZ,9522
2021,ES41,DTQNmdNrKWrGYlFwoPNO,9,12,TKLWryxAOjLaZqWXmNBq,6388
2022,ES70,jIzVUYCnZLtWVxPobyVq,9,11,gjnAcSqhIeLoqUuIXWnN,7447
2021,ES63,KmJMemabqwROCwbTsqgu,1,18,QPrQxzNewZDAgZcyrMbY,3269
2022,ES12,loWfIXvvBRmnEGrQwYIB,0,15,uWMoLWzWZDQqlzPHHHgs,7662
2022,ES11,SRiALMojCpTacAHdRRlA,0,8,PjuBwMCWPfkLKdlRWOKw,3050
2020,ES51,zDqyQIsVzjcKZuWFyekm,9,15,IsWQPtEGCsrKHAVIDXNN,6263
2013,ES30,TpJmuqVZgGCfdoEQpfiB,0,1,eYiCqQvaedBgTgvOFQED,2577
2018,ES63,HXSafwNRFhYvkcxiWIek,2,2,rEYdkRDiqSSpgkGFBIMh,4551
2014,ES61,akydXeCKadlyCVSGrDkl,2,2,efONXjjbWDafCGeYAmRq,6073
2018,ES11,lkJaUglKoWPjGdxCGlqK,0,10,yGwqTwiZIDfmDDFEFypS,480
2019,ES61,AxRugoLzrYWPlPrOWVeD,1,4,iMyfLseuUySlaFocUvZr,1104
2013,ES12,jcOkVHQwvgGLZMybfPGB,2,12,PeuYFFErvMFkKmCgViQn,9057
2022,ES52,ZovgSWtQlIUAxssDypYf,9,1,VkhzCtdsmkUrkKNvUFsZ,6550
2022,ES41,jKevoArlJaygTILnWyEp,2,18,gsRsTAgCYYyDNjILxNXn,6575
2014,ES63,AAegfOGfJvZMuHkhmfql,1,1,FgerLrTuzAsZNskjetxc,7988
2018,ES51,xDFhAYWtclKdImNnssfl,9,11,CyKrDCjZszBqLPYlBpuP,8527
2016,ES23,TwuZrKXKghEBOrcyodWK,9,18,TKqFgEzJdlfyBikgmYLO,4831
2022,ES43,qzEmREhyPUtUjhNRMdWB,9,1,JXQHuxugSZgnJTIEwtts,3323
2016,ES21,mIeVAqsMRDKMknSVPzkc,0,17,YFDPoksUPJqXHasSVcNA,6440
2018,ES12,VueEcyklnWVXhtUkspXC,0,7,GTCkSdxGJBWnvzGBrEnu,5891
2021,ES70,ErIQSFyiYOlRQmlPFcBo,9,18,UkySQfaPnGTKsqHmtAfz,7758
2019,ES43,VVJGDiANJyRZLDdFvwKu,2,1,JMscAhIXSmjOJwuDfkSd,2813
2022,ES30,JIGIKNmycPsLkpMUFPaz,9,12,brrClxnLNolxhqnpvmqY,7441
2020,ES51,BOZhQAfGbvxpVgdqXOhc,2,7,fSdYIUbYFcXePOXoLCQW,5103
2013,ES64,KilQKXoIziIRPmRQTUVl,1,4,VdKJyzDNlSTKMkGzqoKZ,1737
2013,ES43,icuuKSOgCNxXWCRXaQsn,2,9,KgiXeWCQZNVlEqFWvaSO,2848
2020,ES42,JHcdCjiuStRjGfXPaEEF,2,6,DwarVmFqgbuGLswnDVaI,2243
2014,ES61,FhXcMvlqmkmABmcJvpzo,2,1,WlgUaKLoiSKQpLFyBQnG,7058
2017,ES42,kgCUTRjmNQYtWRxYXoDW,9,17,tpYatvOkRxwoYYqsiRUo,6710
2019,ES30,GrbCZNqyZUYnpFigXKjh,9,9,jeVynbtKKMnDMYkoeEwz,8415
2018,ES24,qhosRBPRtxRWufhDhRHB,0,11,JkLZVqUJzrsDMpYAGQTM,8511
2015,ES63,bEYARwiRGmnpuEGHvfHn,0,11,euMPMiKPBhqJEuikBOAL,9878
2020,ES30,lpQaMHbWulXYFFUmHNvo,1,13,KNRlwGMpDveePERLvLgV,8384
2016,ES61,oruDoAXvLLyEyHlTrNZE,1,2,WbqYgXNsjzJmYXtJOpIc,6272
2013,ES21,cEywHeywrTYOEhTbPqLO,0,5,FSBaIkFnwEaAruFQYWOn,4393
2018,ES13,HSGunneNbQOfKyJrfboE,0,9,qmFbdloweeUlsRnnNsYs,2770
2022,ES51,iXKgAaAeQRYnAioPKPrR,9,13,AsuKixWebsAtAEdfGAqC,5896
2018,ES70,lPyzpKkilTTOYsiFdRHW,1,17,eushPeoECwAkVVCaPvZM,9285
2019,ES22,ssrBXKlzdcBxruucnwEB,2,17,YYRnNnQkbgZfwbTVuOjf,9914
2015,ES61,LtKThAMWyTVPTngmGfGq,1,10,qAXlGCZvuZoPLGauNspG,5616
2014,ES11,gykOJvlNzmKVKvmPfbjr,0,3,rhFpgabLkuKNYBbngctC,6190
2013,ES43,gdxAROUaSQDDrRtbWeXF,0,2,BlLXjmWFnWhfbrSftQoE,178
2016,ES23,RnrEkpQiCcHeBAkhXtYU,2,17,WOrXFEQMpdgYuZKaIDlh,2108
2016,ES24,RzoyZWSdDjxscIREOerC,2,17,seRcifHqqfIODjvIcsla,7139
2022,ES52,dYTzMtUOWCwUtMnkFQGm,2,13,pXnnameBBcLHoPxxkrAl,5402
2022,ES63,hZTMyLcUHEEoUUKmTaxQ,2,8,dOeITuVUeOZktTtrOHad,8732
2021,ES70,XCblWShxuTcYqIexVptj,9,2,RpIXbRitzYlKNfLRTnOW,2204
2015,ES53,DVisxlXlgiGLRhxACFWJ,0,15,ZSaTCBxbicxBhHznzBhe,7829
2021,ES21,abHUrLyWBhHhWxPYQbcH,0,16,MIxloUgblyPNyBLkGcDG,8832
2015,ES64,gEeqQqlHPNhwsEjBncns,2,6,YqmwdesXwnSIhdBHKFGy,5160
2017,ES62,LhPtRAkEsOVrDtKsqEgo,9,8,gFycJtWYwMKwQWxVmoaw,4308
2013,ES51,GCUexrKEGYuSwTLkpAmK,2,2,LfmPvTYEORQPMjgGgraD,3280
2022,ES52,MuUJkROWhhtdrQzloyEl,1,8,xRVlOWWSzjGJIPXgsOWe,6166
2020,ES52,smdryuzYzYPAcXjlCJMu,2,2,SCoXlvhUaeCmzdABFcqm,7782
2018,ES11,trpvimrNwDsoLNtNFNzj,1,13,UynaowGbrHcAYNInpBfK,3843
2022,ES21,CInDaYAnDjBqLQHqfxgY,9,2,WVqXnGLOBZUfGiHtgaEM,157
2018,ES12,uRmiGFPzoFMTLPhYwZvv,9,11,tyXLzKDRTRxOyuafcoPZ,8820
2017,ES23,FuNnfqKszMzwDbVuJcop,2,11,eDLwpEStcrJKLgxOboqt,1353
2019,ES13,GIOImkJpDZAQuoNfdksj,9,15,UxjTLJFnPGRPqkcUCozL,2283
2019,ES61,jkhnhXwHuEHEjhAfFKwY,9,16,VSHZbVXnIncdPcRwcmJW,3540
2018,ES63,DTcPJoLAbxUWbLKjwcCu,1,5,ENksNlvvZqkZvSpmHrnb,3019
2016,ES23,uaLGpLlwBCgZHOlOEita,9,9,JRLspjWReeGEfZPcJRjK,4020
2017,ES13,sjhsthfjJXEPzGIlPwfo,2,3,IFNeoQgrGIbGCgOwCNla,8592
2013,ES53,yTDdydpaBTFRNNToASaW,9,8,HvgQVWJFKINQzOhxjvbz,414
2018,ES12,viTADqGPwqOtWyFUVQxE,2,18,HoYPshZIhNhjMIhhMmKg,5353
2022,ES64,TyKdVwxGtgItAIKsgrNe,2,14,bTXpITzeKsDLWpgzJBlu,4210
2017,ES30,jmeMQVPqzHZFCkpkSNEk,2,9,yCmRhNqYDBvTzmfnIEGo,7785
2014,ES23,dEefGmCPZLwysaSRVsZh,0,1,GqOsGOcFzZNjsYxmTAra,5004
2021,ES43,XsmVqKXJfDTDLsWEGzRS,0,8,AUJRiWHHmRZZTSfuRJdj,9251
2022,ES30,DDyyWAOJBqMENwjdXMhp,0,11,BbMQPDteFiDQXyCWtpTK,8351
2013,ES70,wcThTxUhBdqiIOSvSqdL,0,11,tfbePNlJRKKMsYNyrbxY,1415
2016,ES43,KaNqmwuGwhXOKvKoGGSm,2,8,HbjaRjGCvAYvPdHIGdKF,683
2021,ES30,BjaEXUakfmzVrhgeDESS,0,17,ZGSdKYxIjHlezIienlgB,2779
2022,ES30,lxMzqvavHTjKKasJZwWu,1,12,ThzwpJiWJPcjUvICmZjH,8084
2022,ES64,HexanmzXqdhxcaYoTAGY,9,8,TdRjWLOwNtqHHSWIjnhQ,6177
2018,ES51,QvDQzQTKFQpCTigskQxG,9,10,fFsxRGWkBOLoqeOyQdrM,5846
2021,ES41,iGvkAnrYLItobvJVsEAb,9,7,mPbbPhxHKffjamNjqurA,4265
2015,ES61,IZesTUCGeYsWSdwLXlWB,1,1,CFPBsyrWneiVkrPvMItn,989
2018,ES30,eJetzyPPEOFiXjherxtF,2,2,AhNFRmIvXdatszoihtvp,2503
2017,ES52,JuiaNpWIAupfOEDmHrBz,9,5,iLBwypcCvwZsPCkEKBOc,645
2018,ES11,GGnupNMREsQLeviwdjxg,9,9,ErOUgSZrYavsbMBeCcJU,99
2017,ES43,EWwZhTmmaElxOEpquMDe,2,1,kNySLHxXcQdKvJiHBQKG,3396
2015,ES30,IQzcAAeRTxdlpajhTVvW,9,17,IOLylFeQxAEZsqAKWYXF,5339
2020,ES52,BSJuNFjQSQbIcMotAMQu,1,14,IHgTNOoeGZmFnTmcwDay,8660
2015,ES13,JFZeTpzPFnqgrlBKUDSk,0,8,TBRvMXKmlLipzknfyrev,6638
2013,ES30,dfucajAgoGkWvMdxtyvK,9,12,OZyIOXUJOimsGCKpNJPH,7040
2021,ES61,FGywXlwnTkVXzATUcFZh,2,6,RAPScHluEZPIkudBhKmC,4103
2019,ES62,UbyCvVpZkQcohdVkNurX,0,14,dAHlASQbnWMpMXYhgHsv,455
2016,ES22,eEzwJvtFkOHWwCwLoxZK,2,16,wKULCjQsPqusdkTAgpoa,8957
2016,ES13,cTvlAMlHdGfMJeFoKqvY,0,11,FVzlAYSvlHHYrkIpSuxQ,8572
2020,ES22,FfJOKjbDUrrOBlyZiBqG,0,2,cVMLtssGXicmsvoYvCDL,6533
2017,ES41,mBKlhorqQbHRrrECARJk,1,3,RpLLNqdppfscPDrVOkiC,5757
2015,ES64,fngCFJJuIkGqncrWFdeH,1,8,jmBXivOgQCIVTEPBSfaC,5903
2018,ES12,EJPPNrYLDJZDiUQVWSJe,0,16,TSAIJrudAvWYHnwIMllV,1384
2022,ES13,dLFwoYPLhsqvTjPpuWPf,9,16,rlzxlxEpAiqXWyqjoVzN,8774
2019,ES64,qlXmpaHyoOyGivniDpmO,1,11,sPZWLcDTiRhrKOBizswh,3391
2021,ES42,TjfXoTBiBISVhlcVwqUM,9,11,llPYFsIdxjCrWOlvqiTh,1499
2020,ES30,BJcmuTVMIPXuqVJXVvmQ,9,10,UIcNhUJWbkhQUyOkQoVY,6105
2022,ES42,ARpujEofPFfojfICbGKK,0,12,zpajNqRAUXagEXlhVAZi,332
2022,ES23,AlMOhRdQFMOTHnFpiBuB,1,1,QGuAzplsUCWJcJRWQbLe,2656
2020,ES43,XOEBzEAgHHfjMEZjkfMc,9,18,VlhwEoaxIuRJfEkLTOCC,2046
2020,ES63,EWTCPFVPlqdBMJkyhYya,2,5,VkPMOYprMslhYJrxpvxQ,3325
2021,ES12,CdJGzIzvKAEsDuOdkYlb,1,3,ojkQIHhkuZkjwMFZuFKD,8025
2020,ES13,pPLthkiOZWIejapjmUTY,9,18,dVuIScXuXOsrUnSGVAdX,9999
2018,ES64,pjYOLopQAwFerBjTqmwn,9,14,eTyHiNaFLdwOCFEyghos,1865
2022,ES24,YuUVAVgQgNOctUWKdnYG,9,12,JwNvEnploULtdwaHeoHg,2572
2014,ES70,caQwVhapoNfvsaSkEacz,2,11,lOslCNeFBzuyWwaFzTuT,4547
2021,ES13,tTFEBsPqabvlXqmnxVeV,1,9,KQUKeHJDJcFnAlWhrGWI,1337
2019,ES11,whtrzmdmmycrJXejwwYz,1,18,JAJQWgXbmqcCnRcaYTKb,2780
2022,ES64,PjAENCWTORttAflHzeCH,0,2,RZClsFckBMpuFmWQaeat,8706
2015,ES41,RJgdSNhzMpGjGQTTibUn,9,14,WtJWpebnafDCKafHcRjg,5162
2014,ES22,KoJNdgSGnDhIzOSYWGTW,2,10,cdRUwHbDcqyUdxQeaGQn,2527
2020,ES64,imqdOlyiajBiTMFyFARL,9,6,abHRkeJzpFCsUhWfCCsH,1974
2020,ES21,qtdxcMADYFnXzIIEsuDO,1,9,kjaWMhLJwKvwbYRotmoq,4455
2014,ES62,OcUWBOCioBwlnYlLvjmo,1,3,XGohezIrcLAmpXpoEgMl,2265
2021,ES43,PGuomAdPXxVeGiUbVHhd,9,1,JOqvqEmiQgQZEnBIBKTI,4
2021,ES62,sWqIZVGERIBLbXusclbW,1,11,uhogrEYsVbczwQmSJOqn,880
2015,ES13,AmRONgBIHZxnddopuROS,1,9,IYyhjrkiHhGhaPLcmpTm,811
2017,ES52,YtMlJeBWcBsCfwrBZOTw,2,14,sNpZWayCIgQkYrwFqqVh,6454
2016,ES22,DkodbwPJpAbdNMWXMGgD,1,13,kYApYJjjUwSDiDoxNtMV,6267
2014,ES22,CPmRqaCvQPdHqSfnSCVF,9,10,AERLzmsPPKzUzhMcAMwT,1931
2018,ES63,ZVbsQkJBOwFYjMGrKoFx,1,12,rRsacJXsqPbCkSSCTFRh,5753
2019,ES64,ibQsgogcVSLiUNkgnxMb,9,4,qwjugmCBDSqmdBqssPOW,2807
2017,ES51,lyRDredLcsuqdRDXUqgT,9,10,rnGaPEXTsLpuuqwmxWXO,2392
2021,ES21,ESxOGwpNzswDXCNzJBKB,2,5,DcRBHHGpypXXNDgxsRIg,6104
2018,ES61,jYUmdGHRismgUkhWFRMK,2,15,XXkVeJqiIePoOZtrYvqW,6701
2019,ES43,NdfNoKxtZcfHSDyOVvEF,9,13,yQJnXODLWHSodTwBUPoi,8163
2021,ES61,qTlBtvlNsTXdipjXRUcX,2,14,YuhJVvSeroKcARaNoQQu,4171
2016,ES52,uhbgsejpHkGEmCdPJLnD,1,13,zlccfkIvQMbzwiiLAEwR,6697
2022,ES12,kSeGtBgufdpZEOrGkMac,9,8,wmKmzZgFsiioLenFJrgM,4193
2020,ES61,BUNCPyQbPUEHYpmzxXUh,1,7,ZFyixuyqNStvmVwTVeYj,644
2020,ES61,zgZjiXIJdbjoNFIcVRhX,1,13,GQyVeZFprQQXEZAOxCqU,8845
2018,ES12,QxcrwtixAlzkuDXpTcjX,2,16,gZAEgBzhWxwWQZOnekzY,4950
2020,ES13,UZLuCgbdbCTCgYCtgqfO,1,18,wIPDmuSsFJpXNsqClniq,620
2021,ES63,qFksVWhyFrvfFvlkdktp,0,6,OFeAsXwsVgaisvfGghxm,2106
2014,ES52,IgZmrFQDSloxtqpyxqLd,2,5,lKSFASaFvZKHzZvLMCnJ,1148
2021,ES53,skKpJXGnyJtVIKlvFFgM,0,10,bOPrIOFpbPZmkuAkdjFp,5478
2020,ES23,etpgAGgHWImrGUwHenBF,9,7,vwVUaKUFfofFWulWMSzx,6327
2014,ES13,ZbJzvBjSCBLwBWGfvkHz,2,6,YVkIYvZVIxYCdhfMiGTs,1592
2014,ES13,EldCmYEpTWzlpZNzWlNP,2,9,KIcbNmioRPswnJdmWoBL,8522
2016,ES23,DvcdDtRQfWRraqewVGSi,0,5,DIEbHrCroRGRRddbYrfx,9316
2015,ES63,jvJFTvAQANqaZUjIwaOL,0,5,BXGAMXJGHLeIGcdnAKzA,9884
2022,ES63,tbjLnaPyGLcVnmQmRAXs,0,7,uavVzRZQxsvFnqQirQVc,367
2018,ES13,rioEgffgWDkpnkhoMmvt,1,12,sqbtAhSxQgMcJqaijejK,4093
2015,ES64,uYXCIXaUmjhovqugccnZ,9,1,NpluyqLwfGCmVPBsxeCp,1664
2019,ES64,PjKisqkCIOKLoKNOAYur,1,11,oyMhHtObjHmGDvAZrGHW,7373
2017,ES22,iLigUGEXDAzOXtwLCRyf,2,2,mHIMAiwRnarkhfmFyfoj,9953
2016,ES24,ifpfXsOEbyDunCbyPcqy,9,8,IGPeGvmmCckQtasfCIoq,8056
2017,ES22,JiLwvokfuizYmpbmsuci,2,6,PRUYNwPDKZCBRGDCVKJd,5851
2013,ES61,GsOjHVwDDDicRANRlXDh,1,16,pprgKOERKxVORhelRikM,9564
2015,ES30,VleCHRapEzWPFJYtClbq,1,6,ZWnAlXJpYwjMHpUDangY,692
2018,ES53,OyhgRBKpTCJDVpAmVxQk,0,5,CRecURYNroSYpOfNKnRF,4654
2022,ES21,mHIXOySqpaBmOqlGZQOm,2,2,zVLppdnfSqJBRedblbaZ,8983
2014,ES70,GnnkGcplwChoUDFZOucm,9,16,fjYTPKKMwwNHEQpaTzAk,6478
2013,ES23,UglVNHbAcRRRDjDhNhHF,0,3,xldrmCNylSaBIehtzieH,6602
2013,ES42,JmxPzmOUqbcSHSIRhbiu,1,8,ONubqSkjGeGhynhanwYe,2964
2017,ES43,LNtfqxANtwdVTfaqkuOL,9,12,tiIgJzqsQDXOCIcpFhya,3793
2019,ES22,rEiHPGYmEJnkOvdlaiOM,9,7,iIOxybCXpTleCfeNmaFc,3475
2018,ES64,hVLGnKAMpAjUsANRWGVg,0,1,EbwlkxxARiXmuzZadUEk,7934
2018,ES42,aZfULQppMJzdveYmyTlO,2,10,qpsGFdOcivMsDZXJUWtz,620
2017,ES11,qHudzFDmoiYjGtGheXCO,0,15,nRveqUoyoZepkBOPROtm,5820
2022,ES70,xgnncKMBrWbswdTcTtYZ,2,6,zKGDMmkaKuZupqJofxPM,1157
2019,ES61,kNozjAYLesogEkiYCswz,9,10,RsNXaDdoJuteYRxVoCJD,8789
2022,ES64,CfLVHvafGCBRahMfLXTk,9,18,GZsFFVFQvfuHKRvBAxmI,993
2015,ES61,ZrIGoXRaRMdBoXvXOoVx,0,8,vbmwuZSphspyPshGHZbO,414
2019,ES51,uReQmPVXEBoelUQprPeC,1,1,xeWimCmZWyvpYHwSEcqD,7888
2019,ES64,myEvmHfldQmpeBEsbskN,1,5,FXtwUSeNSTryyuAwFVGz,8732
2013,ES52,EwmPJshVdVDDQVygrski,1,11,qGzTRmFtAZMDwQyhmbls,151
2017,ES63,cYzjnuOWsitrACWkcOCW,1,15,QURqfLTZkVivkKKgoEIl,3957
2022,ES22,AqGhUpSvJnoeJVjpTQqm,9,3,BVXCesyvtmXjiekOXgEg,5650
2022,ES24,jXIvLFfexxxSdoSSzAqc,1,7,ZYYOVTPyduzEWhbtHwQc,8026
2017,ES43,ztVpIHNsMMsaxEzsooUS,9,1,SuhHJTsqgVPeFIyHYUXT,305
2018,ES21,vIyQWWWYADPaXFQccrRx,1,13,HoDVPqihucscZGTKuTCa,1868
2022,ES53,LzxJMoBdVAamHWCokKsS,1,5,QRLBboWxXgdtJQgnUsiJ,7923
2016,ES30,GQLflQMBMWNuObwznNFm,0,16,UjHlIYsnfomDszCfoaON,139
2015,ES24,FyzhGMquaDcYAUntUGDO,2,9,nUqOTnuBtxlrigoYLsUH,659
2016,ES53,pJvLzvPKNbNdsswfqEAE,2,8,jORGpzmCyFEKJVfopxUs,5628
2022,ES51,nMIrNYAwJGHeyfJzxepj,1,8,wqhuEGPQBUdQrQZUmmZP,1766
2020,ES41,iRTRbAfkqEQBnyktgUny,9,5,TGnEwqUWNPAZdSSmKRUF,5523
2022,ES52,OUrMlWJACLkCGjYmiisP,2,16,OadlygEkQLiHbwyPuahc,9401
2020,ES63,WFVdwkXIDgyOCBbvjzpJ,0,14,ofIKcObHrZfBmhZHyjgL,9896
2019,ES63,YrXXFySSMXuyaYCLmSXq,9,17,FNVJgibRhXOgGvMXyrbN,6038
2021,ES11,pCbjaYbBoXrsJmPIBGWN,1,14,wlKcyRPMimxcZXsRbjxq,2417
2018,ES51,rrCQvimMLKgGmJEAsKUr,0,17,pJmmTKdDgxkdlcYzZSlu,8987
2021,ES22,oEjbCnIWqIwSRxYGvamN,0,16,oPNSdWzcXilgyKomtdAj,9037
2017,ES42,LbWkrfJGmJtjfQDwWlMT,9,1,VFLDQgEfMaTbAXHUNoPf,9393
2019,ES13,hmhiGDRxmXeGoDWdkXpn,9,13,JLzBZXIkIHNHdZDjhVSc,7601
2019,ES70,kTzOOGmqleVCJFslEanv,2,6,LRRkMFnzFQFQqTcqWEVC,7508
2017,ES53,DVwkORqiCVqtCPlnQrUK,0,18,IRsRYugOLsfjwsTyzwbt,9175
2022,ES11,ilTUrdmdGmZgICNOTvvR,2,14,CnBsGdGmuViaWcUWrqDN,1994
2020,ES11,qoLrQVvAEmZsCNSTJCKx,9,11,feJuwqnFOqOIefACGqZR,4751
2018,ES61,iVEpRfeeNOFYaQZczqpu,2,15,aTqwIaAHxMncyIkFjSKN,5789
2016,ES52,lgiAnSjtocrRwxUpESvI,9,15,LUtoBWDZAGBdJOwnntqt,2773
2017,ES43,KitagdqZKBHAfhttyHOm,9,9,YvVRHKUokMnNYDHSnVBj,9144
2015,ES52,UqtZyZaCoeLvRNLBVdWk,0,9,kZweZcbYhIukjPBkncFD,6055
2015,ES23,LugiOICQBbJsAKKmlClq,1,10,vsBHnGRoJQJkcLFcdNJH,8826
2019,ES23,pwlLkvmADzJAPMFyORjV,2,11,ZeEOlzfdtAbfMdLmWLPd,3400
2015,ES12,pYTcTmZyTIxSYyunEzxW,9,4,EUGQxAhYzefeovYxvJMD,5688
2013,ES12,PkOFliFccIBIGLOuCMQM,9,5,dxhyoaepqlbtUsjglVQN,8946
2016,ES70,BeXrnPhBgSpRsTDxVZox,2,14,uUOJqvTtGfpYkMZoaQFC,498
2022,ES13,YRfvYVjirCnnGkXTaFPY,0,7,XbZevBxeTDSVJkTToGvW,5413
2021,ES41,TtWkhwtGTLhoEgupFWYu,9,3,tAxvZJwtnhufLUBsQRkg,7824
2018,ES13,eBjIPkdFXjTMOctrabSX,1,13,nyMGxOPrXiAzCEAzVVGt,6774
2021,ES43,yPGwFEbuSDbEHRcXULil,2,14,QNVoQvjwmsOXmBPREInp,6692
2016,ES53,mdzRUmdxBZTkyapHPGex,0,17,gxgEURoyIBFcSwddDTAQ,939
2019,ES61,sljyWYWySEKDbxahAwOk,1,11,ZGpVmPsNBREOepbDWgvj,9618
2020,ES23,riQXwJILwVWgNuDaxnqg,9,11,PzxXDQhhQUxuIEUDcvSA,5385
2013,ES43,pAYGBeuXGXslLSmfwjUy,0,3,uxrhLlVLIEYozIpAzuAy,1322
2021,ES22,nkLRxKMRxyBsoNZmBGug,0,12,OgJuRltXyieYnmZwjsGY,8289
2019,ES11,ZkpedGJAScRGdPbcTyXJ,1,7,LFAIxAIxvpeSuuXQJXui,1159
2014,ES13,TjNikLVxvjJHnoWKlTOR,2,11,vEHlqSVpPXEXPMvlopUs,8545
2014,ES23,peqBgfByhugmLCtYjsnU,2,5,VSDSoeUqhOEwBnffknZk,2569
2014,ES51,CgShwKGgoSwFIUenENHo,2,15,WOSHRuXFsnglIURaeOVl,8215
2016,ES24,xuPydQpsFSIyfnDOuDeP,2,2,yJFAQbPpwCTGOlANprEU,5846
2019,ES43,aqoNGwVIvoUGCcJoyaEq,1,4,PhCAWBKaBPDASIQeyUuC,6563
2020,ES53,xMhXbCmatDkTAHpEcJqu,2,13,MiXIUbstMYhKJrkSvRLL,7295
2019,ES52,dEacJiGRsStKAuEdEZVj,2,9,WmDbyJmQsFzmUnykwxNk,9576
2016,ES42,WFxZKDqWMlLTLIOiJDqT,2,18,xTtaDYNnKGLwwrHrQCKh,4566
2017,ES13,BuFcYGjpbiqwaKVjdaIp,9,15,dlsBSkFfZEOjjERbWeVO,8504
2021,ES61,VLJxiRRvUqhPLCcYviis,0,6,lKATsZErgULlYkDdXkGx,5801
2018,ES13,GcnejABJyjTbNayulvhi,2,5,ncCbtaHUfBCFFfMxJgqD,9348
2021,ES41,NDGscOMxLyANtGiRTodz,2,14,WqJBHzgDjZHoLcJtMUKx,1049
2021,ES13,YIwXtlooRDCLAGqSdyhD,0,15,mxEwiRdDnDYWtpiGEMff,4472
2020,ES41,aKxuCvIQSDeQNzqcsidV,0,14,uEYDeDIZVzrCMIAaBAsu,3661
2014,ES62,RFaYtOBbwcXdBPyEUmGj,1,8,fWGyCgsEExaoLZqqCDBk,7836
2017,ES23,WzSiVYVauIVWmzJTKFHJ,1,1,IpjHPqZegqwlPKQIhekv,9356
2013,ES30,YXewDBjFXKCMULPuOEXx,9,1,NnFTTVDdpGKqCamspkVi,4045
2021,ES22,lUxPaEcCwdSTjFfSHKKB,2,4,HwBSRiXFYnLDdbQhzJpt,506
2015,ES22,WPlfwWUUobenYGLipGXm,2,7,GDzkLLJzQHYprlwnEvFV,5166
2015,ES51,ZSXrnQDNsZNOMgevmKnB,9,7,kBvBYFApGuZbXUcSbRsU,6485
2015,ES11,IqmcBdeJgOCqragWRfUq,1,14,IRASelyhCAkiojYCCmCJ,2444
2019,ES11,NQOBqhpilXETOfUNUpFl,0,16,KKBflflcMJaCTzDIGarU,3530
2019,ES30,CRUqUXlyYaFeLPVEGLVK,2,13,aConKkfZetLNGvxefYqX,8078
2015,ES24,YQFvOLdNcEccqiESdnNH,0,1,TzRxwucQJFmNfvHTlrXm,757
2021,ES63,yWAqwZzsURRFEqbwvGAG,2,6,VfAiOHtIUJDtCmOWvVcq,1893
2015,ES62,rYWgFXnPcHbzYfVoMTyj,2,10,clssGbnqlmGYDOrUswyK,6
2017,ES22,bZFlbzewkBlRatmovRXy,0,12,pzWnMvrstawICjbAHfWt,5437
2014,ES24,qismkbhwGPvnXqZvNlgm,9,1,JepZdKVhLzlcERexaJEG,4011
2020,ES41,GzFCVbpBeyFdATQZwBzH,0,11,cuItnbuxLEFvkvHhADPF,3513
2021,ES43,mpFVPzbUUMbybUHLrNxH,2,11,SvwffcDmxbXYHeJuWghp,2714
2018,ES12,QcYrfdYFSxVLMNFcqSUn,0,10,DVsaTkHiKtaiyfSHJpBw,6638
2022,ES61,uzQxxHhgjYUjlYuleWwl,0,5,TztDaIFtUFakongrFqVg,3810
2015,ES53,nXTsAgXDZMzJEWeyGYXi,9,5,IgJJPceVvDKAIQPqktLO,7120
2017,ES61,imETORfGTwuBbrdFCnSk,0,7,gZtTXCAmlpREvNsdkiBw,8628
2019,ES22,yBrtypbMtEMixGvrXsol,2,18,jgDrIXyKSiHeyjdALvJP,9743
2020,ES30,GpcIVaKzPwkvShIPtAsd,9,15,OVdUZPuwXIrbojkDCVYv,1214
2017,ES24,dLWhBINwRSBbGSQbDnMx,9,9,tnGAIRDBzsgLWvmDyKaS,20
2018,ES23,oPRzraWoIfWghNEgiURl,1,13,ysPXThNMGjCnjdkhOCAj,4507
2015,ES30,gwMmiLktBzzsyELWUYgh,1,12,LDEyUOBmLkwyKMoACFtB,6258
2014,ES51,xJgyYmKKIhsjOXAuKkjO,9,16,ijaHiDirpIbsvDxLuhbR,9808
2020,ES22,achQWYhaNocWlXLcFdYT,2,15,wQyKoscdqjuYsyxrBftt,693
2016,ES13,SeUYfTlxxWBmOyfOBKEt,1,15,ljkJxBZuISfTznXkRatG,411
2020,ES63,OpyqoAUfKcgMQkPxTVgG,1,2,zzZQEgAvnePfDFNzlPZX,1860
2016,ES51,QjpuKRgWzXFYfTySPAjw,0,11,AqSKJODTbmAgdAZnkMoq,4472
2014,ES51,iHWIBHEYpxQtuqhfnqeV,2,5,bDDXWdSBRjLAgaHGRIjU,2417
2017,ES13,eAiWKwaHUwibzMSgBdLr,0,18,wZcaPTqMJuQQDfjtYWDR,8934
2015,ES61,MTTLOwAXWnYKmfFzsQSx,9,1,FctQFCCCwDJKjdNGrZwz,3876
2021,ES41,jATLxWPwGGQDBiBiCRtv,9,1,AGykEcqnoYTPUbiZsvzR,9700
2017,ES70,zIhaIiGQEeYfrNlriWdq,0,3,lMuJidPfFyPWCExSVOrp,7041
2015,ES43,CConipvVHmpdRLNLzUnn,0,14,yVaYNmlkWJgVvZyBlxkw,5983
2019,ES11,QBQZKBEQWIfriWEDDCyL,9,9,gToYeijbrZRKpPLyCxBz,2415
2016,ES64,WJLtcZbmNrxFTMiwFpYM,2,4,BCdoRUXhWhcYnEFGMPMp,1641
2016,ES63,VkBcfYsAhpfZfpsfFLhq,2,11,upptIjOwBTdnxvRhvWuW,9691
2021,ES61,vDfyPplnwJUwIoTgMZaT,0,1,DMVLyLgDowBjqhwKMWHe,1295
2021,ES61,duPCFPZdbgvBgVDXEnzx,2,18,DqeojPRkewecrbzaKOyK,4215
2015,ES42,LLeFQcmMUfvOcobNkPsI,1,5,VcGqbXumNRnbZLzSvGys,4615
2016,ES30,RxuKrNymBjsqirYdThYp,0,6,aCCFNXMlsytMjnWhGaQN,3738
2018,ES13,caOYyflqwqTSpTjCAkOm,9,6,GXAozoNvMNqhmdItYwss,6514
2022,ES24,XQkWkeGLCExIMIGrEFJr,0,10,PNTlxytlkFxizcCaNVJa,1547
2019,ES63,qUbTcltEYeJUlVDrBmko,1,16,tWyiItetfcuViMYLDUxb,5210
2013,ES30,UlTlDssbKTdUSsJAwtGJ,2,11,KgaZHlsxKBvTLhkYnzzP,5732
2021,ES30,JuMeTuWSWdJdRYTZLtBl,9,1,iflMRTSIKCGRDNKScLJs,8846
2018,ES23,YAFhEBFNXkSlivZlnqfM,9,9,ksFvgUjuYVHqduWngjwu,3953
2016,ES30,cbJzogCLHhghKpegtAHk,2,8,TMdyeRXTfBeaBNMoYFyr,8114
2016,ES23,KfQlvCmtccqwUiANcewv,2,3,sMaGSzSoSVwseeFDCQpS,485
2021,ES52,jqGayqkAeFaToRAAvMWa,1,6,zjNVmgJivVVwvmscVMeN,641
2013,ES64,ucGZpwtTVancplmpfohK,1,7,oVBxCLvRFTwwYmdBUJoB,3092
2013,ES52,mtnDbJdNRwHvCJFCdjDz,9,14,bWcSSOUQgquElPtQYXyf,4338
2018,ES24,sWCkBhmVCYJPPYToDzui,0,11,wUnhmKSrpOHoqKVKNFCV,1742
2020,ES52,UUIEPQZdAXTuqGypwSHc,1,17,FCKeYnYuuwmllDnDoQUb,5661
2016,ES64,aQYwpNGdFCOfOcjwdhnv,9,14,sznnlpCDAENvnovcVeOj,5746
2013,ES43,esNZgTKOZCWIDagNEWEC,0,8,sFqIeTLwPdgZzjkawWbc,3946
2019,ES52,IumptHGXTrYKzPFVLidD,2,9,ARZMgOIKOsfIWnLIatSQ,3371
2019,ES63,CFgQsgJBuJaOFRBKQxOE,2,7,gvFAGBnvjdfzDNGNASGo,6328
2020,ES43,BznuJQhoYkPlxZXkJZVF,1,14,uNnCNMpJZOvKqPEhWGVl,6036
2019,ES23,noyPxtLlVpYuhoLOjAGy,9,4,nGYMZcZleWGhSqjEBFCi,4759
2018,ES13,YpsivsDEDSjWeOlAIZlj,1,8,GVStjfPRsvTsjCBqvnei,1067
2022,ES22,eeGkiZFBOPMTHtHWbdYb,0,3,LUOnnOVZtTJNatpasVsQ,2371
2021,ES22,mBZGYHzhoBtRCGidVuWS,0,9,iYtXMYriJncbRjEUJUXM,5918
2016,ES64,oUSlVbnlQWEsyhfNcEKr,9,18,LHHyBYqNxcAkCFKkebhP,4255
2022,ES41,AxVCQtjePtjbMdjCtIUT,9,15,zpEDLpyMXhPXStWJEnse,3186
2022,ES23,wSYtLfNDyzzuNviiGEdR,9,10,rCSTiQXLPXsCjHsHZNic,6109
2022,ES12,QGbmwgpTZoNfSXCwKsHK,9,1,jARsHSrfdOdgdWkRHcxv,4337
2020,ES62,lPYlxRYwIUqnpgTeAyFE,9,10,zMkqXqnWnLWQQDWKvjLj,6722
2017,ES13,dENiYqndwjZkiOFFfuUd,1,9,oJUVZetUAYCAAREuQUKa,3725
2020,ES42,UZwUayvihCGwrKCFVVFJ,9,13,QBxPjPhjzVIETunWglOY,2196
2022,ES53,HGXFNHeYKptPZbuGsyHK,9,6,CBuPiYYoaGPdxPcJyYjW,4427
2013,ES62,dnjBaFDAIrHuBqAhmrFO,2,13,IDEGHgvfaaxvnMOikREU,5463
2013,ES52,RCHSxJyDVqWuItXOpALE,1,13,zzGsJdowgyKNMBTIOIFA,1936
2017,ES70,ITPIJUBhnBMhmQSigFsq,1,18,rjVYFTmeVJwwpZsiFDjQ,645
2022,ES23,ePdLAaDUHMNtQUzyPECa,0,18,szWZWXiFKdzDPGrWKNpn,4188
2014,ES61,HIippGPWTdbZdCHftMKp,1,8,SHFXQsAJljySPiOGVAEG,156
2020,ES41,VkmvTDvfGJZCDZHgiGob,2,9,gpnyqcEjvGdFlmfCdRNb,6821
2022,ES21,JaYPuLmWAIwqNeKAkxOQ,9,11,JGgMSALhtqbzHYjaJGdy,2065
2016,ES70,wMFwcrmstoBmGnmhHdgC,1,5,SelMAofclAlpKTXdwxfw,4124
2019,ES42,onecTbnhmbQtEqllASXU,2,18,ZcKDaDwgmFgCGAuwYzBl,3729
2019,ES30,gqWODcBuieADBepEhtwl,2,5,CBmgBiHaRgaorSKvICnW,2875
2016,ES13,EahDxiRSWfYtwPuEEULt,2,17,PSgCgZoCenWDYDHMkHgT,5103
2013,ES53,nDQXWDcWiaxtNhHGPWfV,0,12,cCYEWeFcIstOqYFcdSgq,9366
2019,ES70,zDhBHIJlwUtRRCizstGV,9,13,XzadrczJjXjBngiYDNix,7584
2019,ES52,FgXDLaZqdMVxiuFbSLBB,2,1,lSBdeEqpEqswOxPxUDDu,5862
2014,ES52,AsXFrIaHQGeqzgrkxmwz,9,14,DVwYzgFfbBAdZAtzfvbh,783
2019,ES42,jIPMjqMaMdyYPtiBxwDx,0,1,AhnQpfIsbWwEzhGTQkCa,3882
2015,ES51,YtolGbIdBUdxCWfCipBQ,2,13,UDIOajfzDUHKbpxdRwgw,1816
2015,ES43,aOnpJuiwSoSpDhTUdWzW,2,12,faCBZrhpDpjQSbNgjPyE,7049
2022,ES13,MRedooXfcCKidoCQmzGi,0,18,SsvcqxGvCgyOzPAmlJHn,7082
2014,ES64,tSmhQcyHWSyGsiCzImXZ,1,5,TgHBCtEFzHiuDtqNsrRF,260
2018,ES52,SyHhCUqljknuhUbNISqs,2,3,YhuCtCsPidQkdCPLGRYF,7103
2015,ES30,ZIEZMLaTFhNKnaGiDuKb,9,2,nfQgmPqUAoXAZGQPaWLu,7825
2016,ES30,mpFaDoChjVOChnAHVsoZ,2,12,yXLCjdTtAGvMqZYxxGGM,7336
2014,ES62,RzytzRqElSXraMWilpPl,2,12,tiqSVKDFvGsOaBNWVNwE,6460
2021,ES23,VOPjzgHsgMCQLsnsaYUI,9,8,PbQoyFzOYsJVCDCtFiop,2301
2019,ES63,kBAmcGFIGVwsINmwtpDW,2,14,fBDgTadCPScqLhCxHMYu,8346
2013,ES12,qztpPSAgcjebnxqqjvSz,1,14,hRSeCknuVZlxMrKPNSPf,9463
2015,ES42,JGMWVNCRFXLXnjkGMBsK,2,18,msgfJoRYjLZisDGnsCps,4345
2017,ES21,wOudEmKEptueZLHASqWg,0,12,XNqDGMLbZcYTjfiXUSHb,438
2021,ES13,PCqBpwoTmDIhyENiLOyj,0,12,YrchQhOyLJRcVGbsYExI,2887
2013,ES64,rXRBxpVPRCwmmDwWEPPr,2,10,svNfJwLCudCVDEJOUMFS,8692
2018,ES12,oXKHSzKiucfOZTMDUCwV,1,15,oYVsMIcHhSTjMPRDKDhu,6811
2021,ES53,QbibEHQYLNnVXUljaxqE,0,12,ZLQdmCuQuYNIRUefUKKZ,3408
2013,ES53,TKhJBQDVxAfnvMikORcS,1,15,eAeglDrIyrMndUsAZOpZ,5356
2017,ES12,CHweNqamsiRpkYEFIcOA,0,8,UgJlHdotUHmOCoRbYbls,3480
2021,ES13,cmvefspEqIGQWRvBvbWs,0,6,rOvBWbShCoEEOZjaCvGd,154
2013,ES64,odKiaTaSruHfCbZwYzUM,0,8,nWNIfsxRXGgXxYKaIDps,7182
2013,ES53,hZkWlAhnzzlGUjAaimAY,1,4,cUoKKpbcsqmnCFUiDFeV,8734
2019,ES43,qAQntsAeHyieqqpBkYJA,9,14,obRjZwxwcHBENkjKsYtV,2337
2020,ES41,ROOnOYqWZUWXWZsfKHuj,1,3,DIMLIniqHtSqKAxdupGy,9034
2013,ES63,BeeuOWMcTQXsRLlUdSPZ,2,12,qQNsuLpJwuLZmDzvAiRJ,5347
2017,ES53,IttzSAzwYhVnaVyHMcwj,9,16,LbsmaOzNguqVmvlJAxYI,7040
2015,ES11,NxfHniwlKdYMIOpclptZ,9,9,VkEMioOmDGvogJDZsDOZ,9084
2016,ES21,zfQAgdlLgRzjJkuHmpTT,9,5,VImZHFzTuWPwltwKnkVM,1814
2022,ES52,QxIlnGsrgeVKDpfGsTOE,2,14,iJuGBBoxYvcwjsRLPtGe,9104
2020,ES43,AoxoYJHpRXSUVjLzlvAb,9,3,dPKxWPdbxPzWakqLIPIy,1019
2022,ES41,vMzZzoKtLcRetEAgnULn,1,3,qrKmkNDUpgKbSDuPfStc,531
2013,ES53,kYUvMvSBlZoFsBZRvysl,2,12,GYbezsYLXmchLwNYMEdh,7172
2017,ES30,yRZaKBfgmaWqJCiUnkwO,0,3,qeVjefIcyIOPGZqrXmrh,3395
2016,ES23,JiISXDxNUnAfBtZBDCIy,9,7,uMLBpOXCaXBkFbJVpcds,4455
2020,ES70,zEfjVBeHqeEwJDOdXFLa,2,1,OORHvXRdzOWedkaZmYay,5118
2020,ES51,KfyLyTHukPoVzfPeIFlL,0,10,QaGzRpFbpQrjKejIlVcX,6622
2015,ES43,GVsdcyFjsNoqMOYhogNp,0,5,IblScFFKhilfowMgFxmo,980
2017,ES63,aXcgeSkGgWXbVMpurzyR,1,10,MySwqSSesXKQshYbjOTa,156
2015,ES42,VlrCnNBUfcESFJrSfMzo,2,9,lUTdWfsftCkDroXmHiVU,9738
2019,ES30,QZFZrWuvjgWWyPeLZgzK,9,8,ZEDpCCCryepCQcuuWtWF,8568
2017,ES64,pbBNlzDZDCyrCZyfdgvN,0,18,tWiiUrvnDTeyjLRZxejw,4942
2021,ES70,PCgPKatnhqypWnpSqdXE,0,18,zytdnNFkTITHDDGQHByI,2512
2013,ES62,HEndikyNSaLuzllmRPOP,1,18,bSZPqdyCMOJidwZEdVnq,5812
2017,ES43,KUJxMABmtEFBGvBfXGeP,0,6,UVsYqnuPWaFyBPBjnHfQ,9601
2018,ES23,fakjiVOsWsghLyblUbjj,1,3,iWuAmCboQGKsjawvanGl,9814
2022,ES22,VoNLQziXfYiBxkNuXbTn,1,2,SmLzrnqTqbbtURoyCOSl,4412
2016,ES21,milfuDypOmuQXzRQQCxF,1,18,BlDfBCSjPfDZMdDAhpoq,6071
2015,ES43,FjPVlmxJegZYRicKMSyD,2,4,TLjwpAEwxrraltfckDFq,5030
2013,ES13,nHeLMoNWpnQgcSyhtzkY,2,15,TpbTlpQlPVDvxtWaUeJe,3144
2017,ES21,HyljwTxgNpQqeIUoUzeZ,0,4,JSyoNkXdMZanZSBxHmEb,8524
2022,ES13,dzbrHxgiURdqOWHqDWhz,1,4,cWwwRkhCBVCiQgRVbaVt,2586
2020,ES11,ePcJRtAoPXagRRByqJBu,1,18,HWTtWryGZWXOOjyWMtyb,5455
2013,ES13,bnZKUWBsynaWhFiWVtGt,0,10,MqNramevUlhRnhRyumvO,2245
2019,ES63,ktLJobEeLosZikCOsbUx,2,7,WXZqEgmatquPCCGHJgMM,7275
2015,ES51,uZicrvOijqKLNEJvMFJx,0,15,PsoDqKHnHrPaRvpYgLKl,5322
2019,ES43,cYlWSphhqEtVYhaRWiWG,9,2,HxuOJWYpYRzTiNaVjcUV,1205
2018,ES30,KrMGUnRmDPfdCxLqnRHu,9,2,UrAPLUWrtEciOXancrEU,9229
2022,ES12,nIJlNyIrHPSQciSswJvx,2,14,JBHqeHejhdxjYPfTweze,4657
2017,ES21,BExpQvBZjEemnbvZIpTn,2,14,tEwizBqYbvviCjWSCJql,8135
2014,ES24,oUOpQEGApShrzAkEOjfO,0,15,rCUsylfpDykDZMwpgLnb,3261
2014,ES22,mPDQyLqePndOlPgcOlyr,0,14,cvRoTMDnlXEUelQtynPg,9025
2022,ES13,QfuuuefJOseBmZCRbTis,0,1,BSIyirsihzVszAGktrGE,6580
2019,ES11,tTOgwbkkygOMnDVokGOW,1,2,gHlmmjNMNheXqTVCqctj,9574
2022,ES30,WskmwSKfDELryjvJJDcG,9,9,XdyjUjNvXFWTIsvZnUJq,7784
2018,ES41,hcOJQaDlPYKVBcTwPXRn,2,6,lWYBpIYabRyaSBwnDlNH,9214
2021,ES70,fQRedPEYTthkKaAWJQVS,1,8,UaDTpSERQXySUgvSyBfc,9265
2022,ES43,HJlbiXqliMXCDygWRwrL,2,14,bCQPjubQDcivdhQghIFX,3991
2013,ES61,lmQoqwlUFpjTEcVJrvzx,0,13,ABrPIYIdnTYnaniBMEed,1756
2019,ES41,WYEpvcgcSPhcEWxgYrjv,2,13,jOQGpjYBvWUnygNthtkZ,4802
2020,ES22,vdWdnndCdxLuLcgllZrw,0,2,UHHRuyMbaxhThugFeuYj,8501
2021,ES63,AjIVjweykbdRwEpTFTrs,2,1,yCCBxROtllCgcaazryth,1150
2015,ES24,YBFUZqvjqPHIcdApeeoI,2,16,tuSvoTvpjGNfXodoyCNQ,5837
2019,ES23,JetrDIPWXTGdPAALFGJX,2,6,tsUukSpzfWRJBFixDWCb,7737
2014,ES13,pNRUUxmOAyqLjeZxRIfR,2,3,PsSVijomAhBOijPhhujD,1728
2021,ES21,ksZCZHmQiKmpJqJCpqHA,0,3,yXSAqZkrKLERRNcSHjfz,6715
2021,ES11,hWnhWwbhVaTJhcbYTXYG,2,17,isjzcRltxyNdtIteCmYE,7434
2018,ES61,rqvWLLnOmETaVJmxgcEJ,1,3,iuVZaVNEZxPlfUGMGUOa,8485
2022,ES11,wjQSVWGpbTOSQbnGEplE,0,18,xPthxGADPGnkWgrcXRCK,9445
2021,ES62,CWOcQInEnZuHigNOABVP,2,4,jsnCTQncZQgtnQIJczSd,7018
2021,ES64,vudGJdvqOyPlUWiDuThD,2,11,RAELMTaWlbBLooSodmXf,1903
2016,ES13,HMmOuHQOQtrZtcWqYRQq,9,1,buJmoOwxkCSUDFkVlwtw,9488
2021,ES12,OayIQOzCMNBaONzousWS,0,8,NiBPokKfwuPyhCSVJVVX,6666
2014,ES41,OgFSvlSThqZsMjdnfMKr,1,10,fzFCQOivvJVazRMrfEsQ,7505
2019,ES62,ZAEFMjfAQovdBMLrbpAB,9,3,KouOolBIOONVNmeReuFO,5894
2014,ES12,HmiNkQjhBKLLtGwKXWmA,1,4,xJjexTJOVTaHgaWgTvrk,3233
2018,ES23,MigfzDixySwgXYGEwxXG,2,2,xTZquSDTwozgrMboViYj,5662
2021,ES12,jkMqPgPGCpYmLKnGwwiJ,0,16,DflXlGWyLxrdNSpJQRXu,3165
2015,ES13,RSEZeGWKStAWYrWVIKOO,9,3,bsJVoSDkqCCzGEnSeevH,9819
2014,ES70,ymcYdILboeWoCUdutqdd,9,15,tEMvSplegVLdOQrKbpPY,1743
2018,ES51,ynXoeQDSFTbtypatDCYl,1,11,kqbwkQKiQdziESaBbYGx,1061
2022,ES13,XxhLcTuiUEiQlRiPcYos,9,1,OnBgFtOwqHnnPYZFoyYF,9917
2020,ES43,bagmaqRiDERkKuOrSALL,2,8,afIlyyxevyBdPtZkDQsE,4754
2017,ES22,rbbkIOoZryZMtdaODyNV,9,9,ySOPJKEPJKSKTyWvKFeu,2430
2014,ES23,makROAxpPDxmGtdioqJy,9,1,TJvzBoLQWPdLwRuiFqiG,850
2014,ES62,JirhcnyjROYRYiXRFxeP,1,8,IZjBZEcXstzLDybIVyeh,871
2022,ES51,NpIMzWFeheLQPrvOkJed,0,12,zBKFSKudCzJhamZGEEwn,7343
2020,ES13,OvEZpDOcOunSFPXOlPlb,1,8,TlUlTxJUPiQynoZqcPYI,2443
2022,ES62,wITuFJnxYJkbCePoVsZJ,9,4,eYWAGnIktfqBvJNxIvdz,818
2013,ES23,iPHVkwmuxvUsxdrolZkM,2,16,mNndyimpIZqoUCiNhgge,7726
2018,ES64,hMNNLgfCLkgzsVUMbGvs,1,16,kkdmKdgrdToqgJGARBdr,7371
2013,ES61,UdVUmFXACkOmhyQJRpau,1,14,kvZLcPcqNkZowpUenYGN,1859
2022,ES62,qAScMKjjLdGcflvTdCxW,1,6,WsqZPIYiENRMuUXyRZlO,8618
2022,ES23,gLottgZiyfoizCjrcEaI,9,13,IFeXDAyBqMoyqzwYqpuO,3961
2016,ES41,ICKQXTdiLBJPaSOuAsPC,0,9,tsvYioKVBQIrJVpDeTXA,2419
2014,ES43,ONCNEeRHUPaMsLxlBpux,9,10,eRzsFJPuoQMYYszLcdAD,3698
2020,ES30,KTDrDkNLIYQEweCzFXfD,1,6,QEAjwcGlZyalgsPfVfoB,3002
2021,ES52,fWqBwcFoRQMbIgeFqqZf,9,14,MROZjloHRrllfVfhZQGO,3277
2015,ES42,AyMwdyOxvhbGzFzKoPGK,1,6,aWvDXAOgVNiAOxtCuGvM,7058
2022,ES11,BMTtLGyMljHeWOtHNKHH,0,17,uldhzxqnWqmxkZNgGziJ,2707
2013,ES13,cRRBdNQRbENUuWAWILSs,2,14,lSXHGMrWsbKZyuZkYaic,2112
2017,ES51,LVIBSflkBjrCtQkhQAQo,1,11,jayrYWGLXIGIcbeBpjQw,1219
2021,ES52,BypfVMuriBVtPIYMSzJG,0,4,OIbHdGeNjidzVKGfodPN,6282
2022,ES30,cHerTkqfNKDhCwnCdCXb,9,6,NdevyKPWazryPyXDJExV,1756
2019,ES42,BzioALCxtNnIyCWIOJWZ,2,18,HrBsoUHnyqIUMiVkYGIr,264
2017,ES22,HcTxakpEpZifFwGojtye,2,12,wKRFUfWvJPeQEUOLiBpb,6635
2022,ES61,nHoucxFZCFryrBxMCzwy,0,12,enVHloFJqWpMfemjgRgM,5226
2022,ES64,VIsFmpVBffNNnBeEfIBH,1,1,SKhRwfUEiXVoBeUAVqPK,5593
2013,ES22,aNbSskPqAThrelPwEBOd,2,1,lbHEAfweLQubuiilYDDt,6695
2022,ES42,NCEihmupkshiyVgnZXKE,2,6,QVvaeawUiANiZZQhaOjw,4854
2018,ES53,mYYPhCSCLPtxWkofkcLc,0,5,rUaqhsjgALxKIUokovrj,703
2021,ES70,qlxZeovKdGWGVaDypxyh,0,18,LtZKAukJGUEfYClzTtlt,7288
2018,ES41,pyuyseNSmQkAJOQKtSMs,1,17,ZrkopAMcAOyUQKSfnyWu,3561
2016,ES22,NwSwaNiAdRsiIvywMzEy,9,5,ySNduIUYjCPHtKfAqnsy,6472
2014,ES11,FWEwSMmNTcKhbrStNcCe,1,8,VJFRsoqZGjOrEZkZpilF,3737
2021,ES41,xhvqQauGvkjpskKvkjxu,1,9,RreDXPIOacgBerEQgtcD,9506
2016,ES42,SKqXyXFFGwUKaEeqlSVM,9,7,sfiJkKbyMypRWJbcNhDC,1569
2014,ES64,OKifhqtRLzYVkSGHCvyb,2,17,jEpLIvSzMgOYftYdlXtz,1931
2017,ES42,SiPEDEJpVubkPCCLHxWb,9,9,niVnKHiUPCzBcBHIQtAS,2124
2013,ES64,ymqIKRdcCMlTgAZlAPHh,2,11,FCfDheqIktGZdrVAlEqC,1661
2014,ES62,QTFzaoWwhrQWlgZsnxMZ,0,4,LRsoGVoVJPsnouQZhtbd,7498
2014,ES23,bEPWuzBbbymBiwmxoIgt,9,9,LTwWyjwEAsBREcyvcqbm,4102
2013,ES30,RDPjfgcaWqrNNAEIESCK,0,10,hAEyBYTbRvfjbXQGPfus,9365
2017,ES51,gXSrYcxpYeTxVmVtgHwH,1,16,bCJbHEyduUHvzHvoSIgN,1073
2021,ES23,lCZQNqFirGbiwPUUZkyy,2,10,mnmvLDTcMrsyLPleKzFs,8005
2022,ES62,meeltNjPCoaTjFHLzYbI,2,8,CZAGyUpXDGOzwXpxHbWN,2272
2018,ES21,sJNRncTHNxfQgnNkHCBU,2,5,zKaIfIAIDWrPeVCMLkDQ,2117
2022,ES23,axjKljSNXRkxdTEeDifl,1,1,EfHJxYHMAaNOTGquWglX,7210
2019,ES43,qRRXsyZwmehohOlPkZCD,2,7,ktIKUVxzKIOzrPIZeDwh,9466
2022,ES63,isojAgAMVaepZMdgcKnj,2,11,edGWmUIbDeaiFmgnDCAl,3078
2013,ES21,VrzSpaemrIqRyeEOigHw,9,2,CTKunlHydiluChkptssU,5831
2019,ES30,dkcBCXgrLPeArTpiiber,1,16,adFYFhRgKmrGKMYNoIsm,6752
2020,ES23,qbYODkTvTnTQNCbvaqqM,2,9,clFfgUsQrUmxpRytyvSx,7516
2014,ES11,gIScZrVxnWqLZOGTpykn,1,18,cdGjniURKGCjjaZokyDg,6453
2016,ES52,VVDWyopqkWvtTAVnhefY,9,9,SDEGBNbFnTrEVtpMowwN,440
2014,ES30,jooeDVgQnHczMlhkQRng,9,18,HQcmlokkJITxDNzYmKqb,7418
2018,ES42,MamzLrHkTdIjJbREJbJQ,0,14,GkazlwvdcsEpAHcgRsEj,5048
2018,ES23,jhqzpPJFnEGDGWXGSgGw,2,4,dyQzujIhXVntUHnVXtsU,3949
2018,ES64,DsgUTxbKlYdCUlhYMjsY,1,8,QVLVofeFqjQcnnWFonZI,383
2019,ES70,TpLqeoTIqZnhOypyJhBk,2,18,pDfZHIKJydBDujOAjaUI,9163
2018,ES13,zRorpXhJZWhBPSPybprL,1,6,TBUjIltzmzpNloZEmUGM,1126
2014,ES12,DZeuHQOPRVWFvTIzUTic,0,11,cFMPDrKTBvdnbItcSEDN,7512
2013,ES53,sXcEqIUtJKAGlPBxzlbD,1,16,wlPhmsCFIvaRJYqpMRPJ,3609
2015,ES53,CyVPiomharqPkiNGlBoK,0,5,CYaJECLvlpdopKGjNgon,5301
2015,ES61,ubbDzIYsodqwgSlfjVEH,2,12,YuoxUPgZgIyhahIylppz,9975
2020,ES63,oSgXCTpgntUApLaLbdWd,1,4,xaCyFesgawAAvoWSJurq,8592
2018,ES12,EjTEwMzUbytuhUgOsdDZ,0,9,ppneyXnryrZFFcUnVhnY,9491
2015,ES23,NnxgpuQujFwiOszyYqgD,1,16,yZLeHtYgwIWaxZCrjvqL,1146
2014,ES24,nCwBEBShkIIMOMhLQOpK,0,11,nHbEUofjNBRDfXXmGKlO,7015
2013,ES64,YJfmZMJIphEaYMujjfkH,1,11,UVpkfSjriMIxKSgDJVWp,6598
2017,ES70,VwxZjBTOISidjzHEafxo,9,15,frPvDrrgKqjHZhYDjXae,6289
2022,ES24,qQjyRVbHReRPxLCQzWYE,0,4,AGzCwTHyrGJIDiLTkvHm,901
2015,ES70,okPuqxcGeabymEtFJnaS,2,10,ITbAvnDnvXHKXjlQscrm,5517
2013,ES51,gChSMBnJgxpbzcOyPMsh,0,13,hUWbPiRkbHrcfzMicwuk,4591
2022,ES23,KQjuZBiASIuwEPcnefLR,2,17,pQpfWmILyeCIiGypkdcx,7852
2018,ES22,VzhpkXACeVBEdBIwKweY,1,13,iTJptZBGzleoFNuSIsdD,6368
2021,ES12,LWZnRCpZcuNqGwymlPqO,9,17,EvXiKKSJlsstmQoGfbwr,1886
2022,ES12,erhhHmYuXTEBOqfblOMB,1,9,AgJBHAuQjwjoDPkWLVJK,6969
2020,ES61,BnVlhTKTRYvuBhEIGvvb,9,1,hsEnnBxVYGFXBJtgMmyP,7606
2022,ES53,YzPGObCYeQIGzNGfIRON,0,12,NobMMjPSNVoXtLDCDdxS,7896
2014,ES51,wTbBdjGtqWtURSyKFKNt,9,18,ORolBZqLFyNTvdivjvYE,11
2021,ES12,qXsFkNEaeWyyAfDViDsI,9,16,FAFVQhwqdCZjhECmTxBc,9399
2019,ES61,dxifEsTurQLkuduxQqkU,2,5,scLGstJkFFvidXLfRapw,2151
2018,ES62,IVKATaFuzqHLuyBAWWJL,2,5,VavPCltVzGWuGrJVmJXo,3834
2013,ES11,fEmJcdKQYQCVrIYUZLqe,2,18,GDStdZNxQmiWXuhilaXv,1675
2019,ES52,fISsmTdqIBiJCNGNEHcy,0,18,cJwVUikyqluooTruMgtj,8859
2018,ES22,OuOBQKTvLCetEpkENUTK,9,17,NSHhRKpDjuzvPanZdJtd,8660
2016,ES11,atKcXWNZBbmNBFTUuDaI,9,13,kdvdXDUYujpzrwemiVme,33
2021,ES41,sKpLpDauCMGjIRQreoFG,9,12,yoGesKuwzXEtGXBNNAEX,9439
2015,ES22,QsmGmPuxdrjjoxbsOGad,1,18,WlWDGvRYIbGTqCrGoVNS,980
2022,ES42,UAarRfpvcUqSqdtRrkEc,9,13,lykpTTmNTelADfvDnImh,688
2022,ES42,EXNeIsLrryNtNhibSPDr,1,6,cGZBxCRAkXQCJFLWfHXm,6387
2016,ES11,xARksWUfYpbHbyekyNDI,1,12,SbsDNhzljPvdrzGUSSrV,4982
2019,ES70,NGyvABuYGCKrMoGtHdUH,1,15,ykQcLPwISOOIoglwmgjP,1912
2015,ES23,RPaETQlKhIrDvNNCnmmp,2,5,OladmUBVsYiscULUtVbA,4676
2019,ES52,zcsacbCBqqwuTwyRdMvp,1,1,dRQOAsVPDICepxxdOjrI,8053
2020,ES42,JMUvAQuSLDgSrqajsSBE,9,15,fBfCDFSUxFckFhKDOeGe,4655
2015,ES62,xWqPnLfHQIUJKCPTTJCP,1,16,qMhwopZRoJoUCaMdiagX,3597
2019,ES21,NwfOEWxziMrsIPvUqBXo,9,12,ytjaUUuQbYRmwSKWgCkw,2524
2021,ES11,oSsQJxRZBSEZuAWtxdle,1,11,pQQcooPhmjBtUejLpSpj,2462
2020,ES24,JvrDRihoXXLxqJfsgZAe,2,15,wnEYvZqFBMVQwSWFwMyQ,8604
2022,ES13,nnGOIUHYMVuBvcMthjvY,1,5,xoSZCiIKIAODoitxMSMy,2855
2019,ES11,jXWbZYQnXDGDiPVvlelK,9,4,XPLTaVoCWocWndHZTeij,9750
2017,ES61,MbMbqjCNVnAVoaacqSyN,0,10,NUITjYAhbCHBXWzBFTQZ,2466
2022,ES51,xHJXmGsPzEDJHLpVUpEG,0,7,HJDLcvsamfqYLhKoNhqu,6393
2017,ES51,SaTugZPOyheOfPXYGtKH,2,8,cwBuBIcuXSUPVGJDLWyT,9152
2017,ES41,XLNXKhVQvnxPqekLpeIm,2,5,kaQzplUbmcqnKLqEDsXp,4299
2015,ES64,mUApfrbGFkRnkPpgkKNi,1,17,EdtbaFcUfvORkrmoHuwl,4539
2018,ES22,RZXXBMzcdIulRdFQyKZe,9,12,nfWjYygzzTDPVzdFcPlj,1810
2015,ES52,QSgjVhkVzbvFBoKOmMsx,1,5,TzPAKWgRAfCEephInhdY,6736
2017,ES23,GiMreOJZhNpClfISFTBh,9,5,vMQVKkxyLVqzHYwFPZml,9739
2022,ES12,wvpGzJKZEZKorMrosZKS,9,16,MLthqKoVvNgAMCDNTLif,8806
2017,ES61,dhMssstgEXKxYvQYCISD,2,9,GAWBCrkKKKonRNQcJsvz,645
2016,ES62,yuJWycCngzxTUulNQrvq,9,14,XkmTxpMEbAzfUxHeRulT,9696
2017,ES64,dOIgOVdqSUpvkZufoRCa,0,3,kCiknQhXQByXOFYmyRwW,1320
2015,ES11,MfwRmcnLJVvJTCWBYAiC,9,3,WVUuBpFwlvtDtGBXPPiH,1473
2015,ES41,CmPlBZcqZIWKzfVNvRvN,9,4,pouPnQlrseEbgjwsyrfX,3032
2022,ES53,cMzkhPHjotcdgmBZAqiV,1,8,DudWDduSQsdbmLlidmaJ,1477
2022,ES22,TFQiajZTJAEhZizRjyMx,2,8,IdqvgnSsNtyWoIAYyvso,1330
2020,ES13,xGxUBmwCYaQHccWBCjUA,1,2,iETjtGuleqJIGmqyxlLX,5445
2013,ES63,hdsTZDJEnEfNTCWwPZjY,2,2,MyfgWWZDkgRYLCHTITkN,6395
2017,ES61,ZjxOPBrtQmSeArBfKfgI,9,17,TyughiLRrupRZEiYbQbv,9644
2019,ES43,PBwGoNFEYkuJjJjMMfOh,2,15,fBVGvVJdrePYEdmrFBGk,3228
2018,ES12,HDvpoMttauPRGBXEfEbQ,9,8,ZnecPODAaZFnJOtPEJxV,9668
2013,ES62,bTfEtKPZwBfJBGYyiLdg,2,12,hotgTHlZvdMhwqzIXVOz,6667
2018,ES43,DLPiCNRuVDekJcPvMzUR,9,17,EzcBubsieLXFfjuTIXda,8592
2013,ES62,vcUXIYBfjbDFqwVxgVfT,2,11,LAaZaeeOlTyYkCgjgXJT,5028
2021,ES52,DgUCeAqXQtPqxlUOpTwa,2,13,RSRpUmrZbkSxZoImDjxS,6150
2013,ES52,EpWKdtbCByhgidpkiVMC,1,2,JvhkgCImbmwHNXiFaoxb,3611
2016,ES23,cMraEvJuONkIXPIejkZz,9,11,UJItXkGLpVYqedcYtNLt,2426
2022,ES13,SfcFDAhUyrtDVNbaBWwl,1,13,ixfwICuKeFRFDhKchmLy,4893
2017,ES13,mySOcJsSKXIXWoCRykec,9,14,qgebyVCKmqoIfZfdMpwT,7604
2016,ES53,YpuGrfgwHxEGZwNwLqUl,9,9,StDyfFsTJDxREcbwxilM,3957
2020,ES30,vMPhdGVnEoafesJkzojh,1,14,zipiuYBlPrZaAmbXBGhc,3147
2019,ES63,OzPUnWJnDTJZKmJPXwve,9,11,RBZmcCzoYPPVXiLLheej,4472
2017,ES30,UUiLtNvYAsqUleovQAGo,2,16,dZlwdNPHIwgZWRrApqdj,2175
2018,ES11,dKcCDqrIpnApHacqgqdl,1,2,LAizITUnfqySyIhAmzfq,9
2021,ES70,xqmEtlzERcNHXewenXuE,2,14,PldusiOmgNzTLUruNQxl,6398
2019,ES43,IylqXXGzYfwrKlrKSJIa,0,14,xeElymIaIrOFuTxpmybI,7199
2019,ES24,dViHCPVPuNKyjKDwpfgJ,9,6,gLUhooYNvBwvOaoWQXpS,5096
2017,ES21,cBsWdOGmEOLCEbqcKtOT,1,15,FWfEQyZDrYNoJffmKSKP,2895
2020,ES61,rtjtVOLHlpHcimYtzURc,2,13,upkLJGhfEolQnfZtjiCZ,3146
2021,ES21,uAxlTPnuyJjPIlhaNjFG,0,8,yWvtlKpPxujSMyJQPhES,6465
2013,ES70,FDuNdTBhFAjJGOTHQBGt,9,18,tdfSksbsoLvPuaaPGMSJ,6033
2022,ES53,aLvcMlFvsqVNtvAKVaaQ,1,10,wCipmTlqeChclwTeJmNX,1178
2022,ES70,IHpHofaHRjCDkzbdKzZe,1,3,XdprudgdSeUJkAhznTeH,57
2018,ES62,ThwOeRGNGAHKBVpRfEJM,1,14,DVWEPWjGyhaFGpKOfSFl,900
2017,ES63,pgoEiguobyFhJieUtXEn,0,2,WeALaVwAzDwnfmRpyigc,5420
2016,ES62,DRvyPSdqfqCQYnCMGpMG,2,3,LzjEhpGjkkuEvaYWAwYO,6423
2018,ES62,xSpNhdGoCeZfeFVMNCGF,2,15,AaWalBsDrGIBmfZodiis,7459
2014,ES11,cCEbSOaOcgBcXrFnOvfl,9,7,crsaBryYgMIcEabdPnTp,7819
2019,ES11,fJlgfstyDKtjRoZzYOLy,0,1,WxAZJDJmHZURcuEwBBDF,7174
2022,ES41,vxayqUTzhHjLVYvOiFvx,2,8,zeWcqlvYYsUxrfwpcwaQ,821
2018,ES42,voMTKAREBaYZqcjhTEin,1,14,sPDINsFJFSozxYenlZJm,7166
2018,ES53,BjAfTgrHdPnAHUgDxhZc,0,13,IopnKkhOlYZraUcrYfCz,5354
2019,ES23,XYGBZdFfBFQwSpfgEWrN,0,2,hXSzYLPhwiXiPoLPohBT,6394
2017,ES21,KnVMjIsSZGwekTkBMhNa,2,18,QbIeMRjIyBNAfWRyWfMO,4071
2019,ES41,MeXCTmKIttHGqpaTTGui,9,18,hZuyibhRmzLFyXgFfmpG,883
2019,ES43,DwqBluvhgWiGNwJQwNmn,0,13,AVavmqkYukAEFzrKMlkm,8896
2017,ES23,stWgqCgqtCxjxVBZtVhC,9,1,WfAWrfCQwJafBxTEGMKh,2621
2017,ES62,JHLJDHqkxkOHzlFqiLCm,2,18,QxFLPCkluQbGgwseJqjy,600
2022,ES64,lHNyWOyoqYFjEPIHiJaQ,2,14,ltmEHYuQZkeLoDfnSVAn,14
2015,ES24,QrwaFBmarqXQpEEQnORB,9,18,XdMWzGuDGiLNiOgjuGWm,9988
2020,ES23,EYUANjlZJlOkWBTdLvoO,2,5,tIeytgRIndTOYbABSHvK,2346
2022,ES24,tdKMUGLqtGNkHqLvBoAC,2,7,TKnXHWpXYpLuKGawnEqa,7490
2018,ES12,ETgDfVWezWOufDiZsbmQ,1,17,xujRiYwpXrURUhJYCXFp,5455
2016,ES43,BKZrbYrzgyIXyAOLikCs,0,10,DRiKMsVKnBrqyJFVaCDv,6332
2021,ES61,MYAsvjqmDZZVcbvWhpoe,2,11,gUIUUPPYnLGPaPAdNguj,7529
2015,ES21,TXCxIsjAeVziXzTcxtEz,0,4,yBaavKBNVddTJxHtzpVK,2440
2013,ES63,IskbxkDVVkVhQmbzrUNw,0,17,FINNPzrXnWtIJkuCIKZO,781
2019,ES43,sHJbxLdOgAojieGFsPAw,9,3,jZjqOIXrskLpygLCNQqD,6455
2022,ES43,zXrpPusbEVBIBELzmFtj,9,9,bTyZqhdwbjIUIShIrcyw,2372
2020,ES11,aEBZHJTNyvMUQfQdGLkc,1,1,SQbsGwhAZpnJZeHiLqmw,3150
2022,ES61,NruQLrHgWpSPOAjCFjfN,0,6,bOIBVhVYpXtiHAqyfPlN,8523
2015,ES70,mzfOaNeLCjGdXsblGYGP,1,7,xtsuQwsYTwMsKvPCXXbW,9367
2016,ES51,bSgwscaRqffeQMUFQwVr,9,14,qOuPTqZUFbmzVWukWowt,6530
2019,ES30,YePMXObIcYYJEXnHMLwj,0,10,tfQvjmRHnuPnAyZwiuuO,2789
2017,ES13,XDCOxlHfpUvFVOCxBRcI,2,7,grBPLLXYxsUFaBFnnGCj,4066
2018,ES62,TLvUjztSQyBFSZiXAiqH,0,6,FiVxeuYVJfmoFixpqTZg,2213
2019,ES63,DkuKpcbaNJpByGZDQPpV,9,10,UaCHgysPLpKxlsqYdnCQ,7166
2022,ES52,TFdCQTRrkwWKaijHfWwJ,2,12,PBzcSPmORntSXffDZgvD,5674
2017,ES11,lAFqHKGEsGevBIIAHjmo,0,1,MKcniziiVCFYpJNMpHCS,2204
2016,ES21,OVUCPBqMMSQUXEAbgckY,9,8,ZwyOCvfBwfkcMImEFGVf,8891
2018,ES30,cgjvDxZumBjpcELeryVN,1,16,ZfScugcDxWfyHTcpVBvi,9342
2021,ES21,lJJyiIfNXJChDJXyVaVw,1,14,KyZDswszxyuJQlPKDwwg,863
2020,ES63,PzlunLZWwsJCEfvDtpDQ,0,9,JxgcKbBzBfmeewNIgolj,8334
2018,ES63,uQDBuhQxixhJAgYvJRKS,2,10,iFmGwDqdALweoscJZrcr,3179
2014,ES12,jjgOHbIWNBSKduKdEvFo,0,8,OqGaKuKZBCRQhNFqpVCC,5600
2015,ES52,OxzuJkxPBCTsVDsCPuEu,0,18,hbfgNehQJvIcSjPNNWiL,8719
2021,ES64,fZkaBLvoTIWcxzJTiDaf,0,3,xITYEoIYoBTDlkvasQvN,8976
2017,ES63,yAYLJXKiTAnUtKpPpzTj,0,4,gKLjayLjnXfLBImwmSgM,7268
2015,ES11,aXMvDkpOratzhBlzUXRN,2,8,XOXfNOVyrLskxGJncEyl,2881
2019,ES62,UulbumnBSKdAZYhsQZec,2,8,lITsLMBmFQZDQUURgUKG,3546
2020,ES43,wrgWUUuKixtYkZnieaHN,0,6,JXmltJRcjicdsSXzfuoM,7277
2017,ES22,MSyXuyotNIpRmNiKTbtM,1,18,xfQLfFxmKTIViVShfUsG,5143
2017,ES63,nLDzqacBRPwvAXUYDHjR,2,14,SbptiMTfSflUdntviepQ,4044
2020,ES64,kfZQsqJwzhQBqJPafbjs,9,16,wgbKmqbTuNRlhxvwtREO,208
2014,ES23,qFkEResmlbkMTKXrYUeU,9,8,EunDKTYBppSzrWzMfQfo,7233
2015,ES23,PKWPwWHSinrIzpsdkhwK,1,15,gubHcGapYFmAkwflWbBe,9855
2021,ES12,WJojZpBMvAVKLBCvzzuf,2,7,DsIWSHdnTrYzvATqaEMG,1709
2020,ES62,iPOyKNPTIMCNDkUndPMa,0,11,DUXvgZxIBmmKxhfqWhXn,4498
2020,ES43,nZKmNAbzJueayziQsHtA,9,9,CIcVwexbVEhCUZzSdyRr,6216
2013,ES41,FsEHrgbGtQyOynFGFHYG,9,2,aStfdYHGleCGFtwbdrqQ,3285
2013,ES42,iihZoCGcHYOtlLHAKaoT,9,5,NciFOPbdFKfRzNtjMMWq,8065
2017,ES42,hpjCGrbMBDXEeISVjCry,1,8,PpSRnjfJnEYaciXGVLMa,5510
2016,ES63,FpNANOvkBNXgaaNWoEWj,9,11,nxUQFyLfkWGOcdxlFfOI,6283
2019,ES22,sJXgSylDGAeWlqtnjjUh,2,14,yLDuwOlVdzkuodGSMjsF,3431
2015,ES43,cLAJWRQzgkPrPnMflpuE,1,3,KUSdAxgMzbgjxtPRgALb,9298
2019,ES52,xzigKamEfdStvlhTOHgp,0,8,DyPTOCaclrSSXBitSKHG,4314
2022,ES63,DzCuCLwOZbuMNmmUsRrK,2,5,zrEivWjkISPmFopQgLUn,410
2022,ES53,BNYoFVJNrFxGiKfOmxMs,9,3,oumPaBmVkoOwAnOqKMVr,7606
2014,ES43,lBjmXVJUwvqpYRnUYBXW,1,4,YTLvfrzeYENoYyexEIBW,7917
2016,ES70,DFguBQtPZwwppAtmIdRQ,2,14,fNPyHAbKYYTMudRtFCwX,5000
2015,ES42,jXnjFHbocNtBuFEYsfws,9,5,cVMehRaCvJhGxlVcEWIz,4421
2017,ES43,cuSSqTqHDxWKlwouPEKz,0,16,eyfmOtirUZjTGfCSUxQt,3820
2018,ES64,uQaeZZlfuUrFyrvvEjmx,2,18,DNklVGrHebNAshapJEPI,2721
2017,ES53,ayABfpqpNCJAOAgajZOd,1,18,zvpPgZaLqEubuUcxRVdQ,2287
2015,ES53,krWUWbOMdUJEYtHUyZbf,2,13,gWNiTdljrXPmjRYcPbUt,7456
2022,ES13,klGrJJOtXmnnSgzLjzhM,0,6,cVOBLkQNitHBTbAuNVIC,946
2021,ES24,mOOKspPHxFiESYFspSAf,0,2,xVkDtXNhRJlaFZUSiLNn,6293
2019,ES22,gsByOeXFNdcdtFCDvycK,1,12,fQyIqFctdZXQqDkdfpsd,5834
2020,ES30,stssJpZUVFyYRKopIKgh,2,18,HfowkKnwtnbKvbijmjkv,2241
2013,ES52,GLKPsjluveVHWKYTNSMJ,2,6,pybcrTVvRONNlwkEOqys,1343
2016,ES70,RuUIhGcrzpXjWcloXJGv,1,6,QxyxPMGxFHHRpCFIiidX,6586
2022,ES70,BaLDYqepVroEmfGSnOnv,2,14,XdIBOoaqfoKPFeebUteB,9309
2022,ES61,JyFKURrixgjvqwjwyikK,9,7,yykDABwdJBmXXrlUqZsB,8618
2020,ES62,kOGJsAyPkKwNoUEeqrHC,0,9,QgFqCgihMKHomgitpPOj,7210
2019,ES64,lvVMQtDyDoiIxwzhpcCy,9,2,RDaTsEOSzwqmTCsDxiQK,173
2014,ES62,kIZaLOltfpzzRCDYqBnI,9,1,AUPnlgnmrBjoHNWkLVLN,9509
2015,ES30,JxwuZnispbcfdadhUEPO,0,12,rlDIfAXTemukxFhiLOUi,1355
2022,ES52,lwQWmeFZGyosPAmTtBVw,1,7,YxsovATxNEOuJKbBpTFj,6861
2013,ES13,jUnfSCQbRIDzULbIsxWD,9,4,IeQwghnojWrHfwGjEHtE,8186
2014,ES43,cGGyhjqCENqWEaFIPXxn,2,4,KrpDZjJuZfhZQWhjCKIF,8240
2014,ES23,IzMJkAlbiELTAnKfltPt,2,7,CxVSENnxDOFEuepsHvrm,2112
2015,ES23,ZBhCHoLYIhkbByoLuAKs,2,12,QkUwdUzzDdAosXvtPpyp,6248
2015,ES11,ZYwAcIgxqpshWLWehZvg,0,14,FoDcRmkGidSUACPmmlHp,5522
2014,ES43,sVeaklyoPwunWwnvsDYG,2,14,uitfDADcyuibzxIVnVRi,3158
2020,ES62,iVquLCuWwnYufsHkSJai,9,6,bBNUbEnkXCRkWAZuEFyh,2118
2018,ES23,QtoDqnulUZOJMVCXHHpK,0,4,LAaZVWvMXQBOoimvMkDm,7610
2014,ES13,tDpYkbKXGdGQniNwmOpX,1,17,AtZrFrMGiQdRflCRwleY,492
2021,ES12,EQAdppYoxIdxohTucWWW,2,3,xPRPCKqkkKgJAltyzjHd,1252
2013,ES51,OolKDHmaWxxvgttsQkoj,0,2,DeYKzuYxgEDTJAZytquZ,2808
2014,ES63,fHKVtSMhhTiqlCsZiXzm,9,8,hlRGlpwROUcryMZckHtW,9196
2016,ES30,UOqbVwQggsmlwvqREtJu,2,6,gPKYHuFsvGjXupqwOgRI,7747
2015,ES22,yqzknlzBfpIpGqqPiSSk,9,5,CtXpbAkDjXnfjFbkBOYC,7878
2018,ES63,rbTiGlnoXhivgTnFbyHA,9,15,NDaIYQXvnIiDLdTLGmGQ,5586
2019,ES23,VlDcjsYvPUloEAGuAcco,0,15,rsJrEoAaLyVhetMLIhYx,1980
2017,ES23,EeCCnfunuoyQTveMkxVI,9,10,jpjLlXIrVHjZrDYYcRGZ,1002
2022,ES41,phgmKWmaRkLbsGsPShkw,1,12,JOwuttGGUuUtZVckgjRw,7394
2019,ES61,cOoAqbNfhPSBHbCVyQwd,1,15,wEaCOlvvrtlJlWJJqAwT,204
2017,ES53,ZdDuVGcKtkYDVlchjlys,0,11,tTtqhtVdwAtiUinRoXcf,8954
2018,ES12,qUbDHQtMKMTBGmrgBPbS,0,9,LKlIMpCYOfWsFmYCizOP,5967
2020,ES12,ObDgFobLJVSYaYocGwYY,2,4,cNXRXHRTGNAUctpTMiGu,1743
2016,ES70,IrJBSlRHUpXwgNNmheAD,1,8,ipWqNeLAsTDXkKQPirhd,9865
2014,ES62,JzrLrvroMeHaWjCDxyBQ,2,6,iWiGcvsNzWqHyHyPpMfQ,4039
2018,ES13,NeikkdhnqJGtuQSTcxZP,9,18,MAlAItyRZzbqueTvlvxP,3631
2013,ES70,UdmjgugBjUUFZSDhIKFz,9,11,vfgxFoVaPOEBkBtULVGU,6315
2016,ES21,zfeDdjoIiwepNRfEaajb,2,17,BcOfCIiFweEEdOGBJUYZ,1744
2017,ES70,LkldUsHkCbSQdKOeJxRP,1,16,nUBIbDQlSkHuKMuvQHFl,8539
2019,ES23,prmMhNdgqjNCxsVTWSCE,1,2,xmkBiZakOCbczsUhMsgo,2438
2021,ES42,lMajCbVwglBTcccwnoeX,2,7,wVdVQruKBScDviMBlUTN,6734
2018,ES70,CbbAXZZqyTpoThcaNjjg,0,12,rIfNHwtqcmSJLLSmnvAM,7491
2021,ES12,imrKmMfQyjLUKkLrduQj,1,13,blBUGubsGXOdqWLBmaqC,7583
2020,ES70,CSOgIIgCPCWwdSxepaYG,9,15,yaYDVooiPVWHMKZnAqwV,9018
2017,ES23,yZDpOOXeFWQgVYLLDOVt,1,18,pYJWGJockGROvFsfcYqr,3381
2017,ES70,jzLffshsPSFXgIbYDLnB,0,7,QnGUBioDZlVVwvRCgufV,447
2015,ES61,OElEMUOFgBopUMeoOhcu,0,17,VvmHBnCimkfiuQEpDPZA,4644
2015,ES21,AYVfUZjwxzDvnULFqLbd,1,15,vXJBCergeKFJwFHfGpVb,729
2018,ES23,ZpfANpEidWSJMOMZndHF,2,5,cnvBKXELKzgdBJDwaxUh,2542
2022,ES13,crShARzNIQsafHrjTTvg,2,18,RUWTukPtmlGjaKjzVkYD,3938
2013,ES23,puiDEXJkwLhUYsntYFVP,2,11,TJFCaiKQmorjlqHNTVMO,8354
2013,ES63,CaEoHuHWEZXYyBPdTHtz,0,13,nAKaVxIgWRmPufxYzBVh,3703
2018,ES22,aVpdktQKPSbwWGFGYwgS,2,18,dIBbiMzHzsJqRpyumIXm,9836
2021,ES22,KgTwATdtODLKBPvFdAdV,9,7,MkIBAUjPDgaMAgGxvThO,1713
2018,ES41,iQEJFhtGlmzsMenflphG,2,11,DNYWwZCAplStGjSxkxop,8189
2022,ES13,AGecxTtxlPmbAezvlfpn,0,10,MrAtwafurXyQUjHAWgMy,4604
2018,ES41,QDsoMUJhzLooSdczLlfJ,2,13,RguNanMhtwMxsGNCnTcv,5697
2020,ES30,EvgoOEShMfgVylLNjgyf,0,15,NyojxqcAIQwiPThSAbUS,2578
2014,ES41,OjeXFMQMsBQrTuoICrzV,0,16,SYzTGPVlUNNkFqLrsdtJ,9695
2019,ES30,WyjnfslnnqMCSDNniWAi,2,3,TZzXYrPHlTfSFWsSySQv,3913
2014,ES23,dLZQVUWznFzbnOFpJMWv,1,12,QutJFdsoHrwtIVbhaNeF,7601
2017,ES13,IKEIIgaZFeuxezFzhkcU,1,3,MejrlujvWhiQJunrcxrQ,2474
